id,name,security_type,city,state_name,annual_revenue,business_type,staff_pick,start_date,entity_id,price_rating,market_rating,team_rating,performance_rating,overall_rating,differentiation_rating,overall_average,risk_rating,financials_risk_rating
1,2XL Swagger Brands,Equity - Common,Austin,Texas,325734,277,250,6/5/2020 0:00,55867,1.8,3.1,4.4,3.5,3.7,3.1,3.19,0,0
2,Monetran,Equity - Tokens,Hockessin,Delaware,0,66,250,6/5/2020 0:00,55639,4.8,4.8,1.4,1,2.9,2.5,2.89,0,0
3,Piestro,Equity - Common,Santa Monica,California,0,277,248,6/5/2020 0:00,56026,3.1,3.7,4.2,1,3.7,3.7,3.15,0,0
4,Hundy,Convertible Note,Miami,Florida,26815,66,250,6/5/2020 0:00,55842,3.7,3.7,2.7,2.9,3.3,2.1,3.02,0,0
5,Snailz,SAFE,New York,New York,69932,277,248,6/3/2020 0:00,55599,2.7,3.5,1.8,3.1,2.3,2.5,2.73,0,0
6,Gesture,SAFE,New York,New York,10792,277,250,6/3/2020 0:00,55950,2.7,3.9,1.8,4.4,3.7,3.1,3.19,0,0
7,iGrow Systems,Equity - Common,Miami Beach,Florida,0,65,250,6/3/2020 0:00,56038,3.7,2.5,4.2,1,2.5,2.5,2.77,0,0
9,Millennial Fertility Co.,Equity - Common,Bloomfield Hills,Michigan,3080,277,248,6/2/2020 0:00,55721,1.6,3.7,4.6,2.3,4.6,5,3.44,0,0
10,Coterie Party,Convertible Note,New York,New York,126408,277,250,6/2/2020 0:00,56064,4.2,2.9,2.3,3.9,3.5,2.1,3.06,0,0
11,goDeskless,Convertible Note,Dublin,California,637284,66,247,6/2/2020 0:00,55854,3.3,3.9,4.6,3.9,4.8,1.8,3.53,0,0
14,GetCharged,Equity - Common,New York,New York,0,277,250,6/1/2020 0:00,56034,4.2,4.4,4.8,1,4.6,3.1,3.48,0,0
15,Zeehaus,Equity - Common,San Fransisco,California,0,277,250,6/1/2020 0:00,55611,2.7,2.9,1.8,2.7,2.5,3.7,2.77,0,0
16,Dan Clark Audio,Equity - Common,San Diego,California,1993807,277,248,6/1/2020 0:00,55742,2.7,4.2,3.3,4.2,4.8,3.7,3.61,0,0
17,Contiq,Equity - Preferred,Sunnyvale,California,372000,66,250,6/1/2020 0:00,56086,2.3,3.1,4.4,5,3.9,1.6,3.27,0,0
18,People First RH,SAFE,New York,New York,1050,66,248,6/1/2020 0:00,56029,3.3,4.4,4.4,2.5,4.8,3.1,3.53,0,0
21,Solectrac,Equity - Common,Albion,California,83258,277,248,5/29/2020 0:00,55863,2.7,4.4,5,4.8,5,4.2,4.2,0,0
22,At Your Home,Equity - Common,Silver Spring,Maryland,0,65,250,5/29/2020 0:00,56072,4.6,3.7,5,1,3.9,1.8,3.23,0,0
23,Rentberry,SAFE,San Fransisco,California,4398259,66,250,5/29/2020 0:00,56115,2.7,3.9,2.9,4.4,5,4.8,3.74,0,0
25,Quorum X Diagnostics,SAFE,Tucker,Georgia,0,277,250,5/29/2020 0:00,55868,4.8,2.3,2.9,1,1.8,1.8,2.56,0,0
26,Sleep Better Foundation,SAFE,Los Angeles,California,0,277,249,5/29/2020 0:00,56033,5,3.3,2.1,1,2.5,2.5,2.77,0,0
28,FinTron,Equity - Common,Westport,Connecticut,0,66,250,5/28/2020 0:00,55869,3.7,4.4,1.2,3.3,3.7,3.1,3.15,0,0
29,Carnot Compression,Equity - Common,Scotts Valley,California,811760,277,248,5/28/2020 0:00,55743,1.8,3.3,4.2,3.9,4.4,3.7,3.4,0,0
30,Janover Ventures,SAFE,Boca Raton,Florida,531210,277,250,5/27/2020 0:00,55829,1.4,3.9,4.4,3.7,3.7,2.5,3.19,0,0
32,AquiPor Technologies,Equity - Common,Spokane,Washington,0,277,248,5/26/2020 0:00,56005,1.4,3.5,2.9,3.1,3.3,4.2,3.02,0,0
35,Med-X,Equity - Common,Canoga Park,California,801874,277,249,5/25/2020 0:00,55944,1,3.7,3.5,4.8,3.5,2.5,3.11,0,0
36,Solace,Convertible Note,Portland,Oregon,136760,277,250,5/25/2020 0:00,56092,3.3,3.7,2.9,3.7,4.6,3.7,3.48,0,0
37,Mellow,Convertible Note,Miami Beach,Florida,3457,277,250,5/22/2020 0:00,56094,4.6,1.4,2.7,3.7,4.2,4.2,3.32,0,0
38,Kangaroo,SAFE,New York,New York,475507,66,247,5/22/2020 0:00,56018,1,3.9,3.5,4.8,4.6,4.2,3.48,0,0
39,Deuce Drone,Equity - Common,Boston,Massachusetts,0,66,250,5/22/2020 0:00,55734,1.8,3.7,2.5,1,1.6,3.1,2.43,0,0
40,Airgility,Equity - Common,College Park,Maryland,173445,66,248,5/22/2020 0:00,55965,1.8,5,4.6,3.3,5,3.7,3.69,0,0
41,Fuego Fino,Equity - Preferred,Hallandale Beach,Florida,4056,65,250,5/22/2020 0:00,56017,5,3.9,3.9,2.5,4.2,1.2,3.32,0,0
43,IX Water,Equity - Common,Golden,Colorado,0,277,250,5/20/2020 0:00,55640,1.6,2.5,3.9,1,1.6,3.1,2.43,0,0
45,PittMoss,SAFE,Ambridge,Pennsylvania,408222,277,250,5/20/2020 0:00,56058,2.7,2.5,3.3,5,3.3,1.6,3.02,0,0
48,Backyard Soda Co.,SAFE,Evergreen,Colorado,39912,65,250,5/18/2020 0:00,55986,4.8,2.9,1.4,3.5,2.3,1,2.73,0,0
49,Insense,SAFE,New York,New York,1100504,66,248,5/18/2020 0:00,55942,2.7,3.9,3.7,5,4.6,1.8,3.44,0,0
50,It’s By U,SAFE,New York,New York,246637,277,250,5/18/2020 0:00,55811,3.1,2.3,2.3,4.8,2.3,1.2,2.73,0,0
51,Zephyr Aerospace,SAFE,San Juan,Puerto Rico,0,277,250,5/18/2020 0:00,55812,4.2,1.6,2.1,1,1.4,3.1,2.39,0,0
53,YouSolar,Equity - Common,Emeryville,California,1500,66,248,5/15/2020 0:00,56061,2.3,1.2,4.6,4.4,4.6,5,3.48,0,0
54,QuantmRE,SAFE,Newport Beach,California,8006,277,250,5/15/2020 0:00,55987,3.1,1.4,2.1,4.2,2.9,3.7,2.89,0,0
55,Champions of Diversity,Equity - Preferred,Columbus,Ohio,424211,277,250,5/15/2020 0:00,56128,2.7,1,3.5,3.7,1.8,1.8,2.56,0,0
56,Soulmate Brewing Company,Equity - Preferred,Morrisville,Vermont,226,65,250,5/15/2020 0:00,55591,5,1,1.4,1,1,1.2,1.93,0,0
57,Amnion Life,SAFE,Newport Beach,California,0,277,250,5/15/2020 0:00,55969,2.9,2.3,2.5,3.3,3.7,5,3.19,0,0
58,Vansanity,SAFE,Boston,Massachusetts,4377,65,250,5/15/2020 0:00,55951,2.7,3.7,2.1,4.4,4.4,4.2,3.4,0,0
59,HPEC,Equity - Common,Southampton,New York,0,277,250,5/14/2020 0:00,55914,3.1,3.3,1.4,1,1.8,4.2,2.6,0,0
61,ALBI,SAFE,Clackamas,Oregon,0,66,250,5/14/2020 0:00,56081,3.3,3.1,4.4,1,2.7,2.5,2.85,0,0
62,Ferretly,Equity - Preferred,Easton,Maryland,24065,66,250,5/14/2020 0:00,56095,4.2,2.7,4.4,2.7,4.4,3.1,3.4,0,0
64,Fruit Street Health,Equity - Common,New York,New York,516648,66,250,5/13/2020 0:00,56062,1,3.1,3.3,4.8,2.9,2.5,2.94,0,0
65,Animal Life Sciences,Equity - Common,Houston,Texas,0,277,250,5/13/2020 0:00,55968,2.9,3.7,4.6,1,3.9,4.2,3.27,0,0
66,Flexable,SAFE,Pittsburgh,Pennsylvania,123895,277,250,5/12/2020 0:00,55813,4.4,1.4,2.1,4.6,3.5,3.1,3.11,0,0
68,ALFADAN,Equity - Common,Miramar,Florida,25000,66,248,5/11/2020 0:00,55939,1.6,2.9,4.4,2.7,3.9,4.8,3.27,0,0
69,Jar Goods,SAFE,Glen Rock,New Jersey,394881,65,250,5/11/2020 0:00,56030,3.7,2.9,4.2,4.6,4.2,1,3.27,0,0
70,Snowball Money,SAFE,San Francisco,California,0,66,248,5/11/2020 0:00,56084,3.3,3.3,1.4,2.9,2.9,3.7,2.94,0,0
73,SnapStrat,Convertible Note,Oakland,California,120000,66,250,5/8/2020 0:00,56123,3.3,4.4,4.6,4.4,4.8,1,3.53,0,0
75,Kaffi,Convertible Note,Petaluma,California,355813,65,250,5/8/2020 0:00,55904,4.4,2.3,3.5,4.8,3.7,1,3.19,0,0
76,Parlay Cafe,SAFE,Temecula,California,0,65,250,5/8/2020 0:00,55515,4.6,1,4.2,1,1.8,2.1,2.56,0,0
77,AirSelfie,SAFE,Minneapolis,Minnesota,572565,66,250,5/8/2020 0:00,56067,1.2,3.5,1.4,4.4,1.6,1.8,2.47,0,0
78,Alelo,Equity - Common,Los Angeles,California,1850517,66,248,5/7/2020 0:00,55686,2.1,4.2,4.6,5,4.8,1.8,3.53,0,0
79,Twofold,Equity - Preferred,Portland,Oregon,91120,277,248,5/7/2020 0:00,56124,3.5,2.5,1.8,3.1,3.3,4.2,3.02,0,0
81,Demand Derivatives,Equity - Common,New York,New York,0,277,250,5/6/2020 0:00,55731,1.2,4.6,5,1,3.1,3.1,2.98,0,0
82,Adventure 2 Learning,Equity - Common,Brookville,New York,157578,277,248,5/5/2020 0:00,55964,3.1,1.8,3.7,3.3,2.5,2.1,2.81,0,0
83,Watch Party,Equity - Common,Allston,Massachusetts,0,277,249,5/4/2020 0:00,55766,5,3.7,1.8,1,2.3,2.1,2.73,0,0
85,Fluz App,Equity - Common,New York,New York,5713866,66,250,5/4/2020 0:00,55728,1.2,4.6,3.5,4.8,4.2,2.5,3.32,0,0
86,StartEngine Crowdfunding,Equity - Common,West Holywood,California,4323791,277,248,5/1/2020 0:00,55459,1,4.6,2.7,5,3.9,3.1,3.27,0,0
90,Glyph,SAFE,New York,New York,250000,66,250,4/30/2020 0:00,55858,2.5,4.8,1.8,3.5,3.3,2.5,3.02,0,0
92,PRIMARI Analytics,SAFE,New York,New York,0,66,250,4/30/2020 0:00,56091,3.3,4.2,2.9,1,2.9,3.1,2.89,0,0
93,Drifter Spirits- Avua Cachaca,Convertible Note,Brooklyn,New York,1300000,277,248,4/30/2020 0:00,55988,3.3,3.9,4.2,5,4.8,1.6,3.61,0,0
94,Land Betterment Corporation,Equity - Common,Hazard,Kentucky,0,277,249,4/29/2020 0:00,55915,1,2.5,3.9,1,1.2,3.1,2.31,0,0
95,Sniffy Labs,SAFE,Rochester,New York,0,277,250,4/27/2020 0:00,55870,4.8,3.1,1.6,1,2.7,3.7,2.85,0,0
96,MentalHappy,Equity - Common,San Francisco,California,38129,66,248,4/27/2020 0:00,55707,3.1,4.6,1.4,3.1,2.9,2.5,2.94,0,0
97,ecoText,Equity - Common,Dover,New Hampshire,0,277,248,4/27/2020 0:00,56028,4.6,3.1,1.6,1,3.3,4.8,3.02,0,0
98,Fan Owned Club,Equity - Common,Nashville,Tennessee,0,65,249,4/24/2020 0:00,55761,1.2,1.2,1.6,1,1,1.2,1.25,0,0
99,ARdVRk Technologies,Convertible Note,Princeton,New Jersey,450000,66,248,4/24/2020 0:00,56136,2.7,3.5,4.4,5,4.6,2.1,3.53,0,0
100,Ryca International,Convertible Note,Los Angeles,California,0,65,250,4/24/2020 0:00,56087,3.1,3.5,4.6,3.5,5,4.2,3.78,0,0
101,NanoVMs,SAFE,San Fransisco,California,32100,66,248,4/24/2020 0:00,56059,2.1,3.7,3.3,3.9,4.8,5,3.61,0,0
102,Furry Fortune The Movie,Equity - Common,Sherman Oaks,California,0,65,249,4/23/2020 0:00,56088,5,1.8,5,1,2.5,1,2.77,0,0
104,Authentically American,SAFE,Brentwood,Tennessee,637826,65,250,4/22/2020 0:00,55957,3.1,1,2.3,3.9,1.6,1.8,2.43,0,0
105,Buzzn,SAFE,Brooklyn,New York,55724,65,250,4/21/2020 0:00,55833,4.2,2.1,3.7,2.9,2.9,1.6,2.89,0,0
106,Pathbooks,SAFE,San Jose,California,3370,66,248,4/21/2020 0:00,55814,3.7,2.3,1.2,2.5,2.3,3.7,2.68,0,0
107,EvolveHer,Equity - Common,Chicago,Illinois,367187,65,250,4/21/2020 0:00,56104,3.7,1.2,3.9,3.7,3.3,2.5,3.02,0,0
108,BionicLogic,Equity - Common,Santa Monica,California,5105222,66,250,4/21/2020 0:00,55924,2.3,3.3,4.8,4.4,3.7,1.2,3.19,0,0
114,CellarStash,Convertible Note,,null,0,66,250,4/17/2020 0:00,56139,3.7,3.9,5,1,3.7,2.1,3.15,0,0
115,MagNet Analytics,Equity - Preferred,,null,21349,66,250,4/17/2020 0:00,55891,2.9,3.5,4.2,2.7,4.6,4.2,3.48,0,0
116,Keyno,SAFE,,null,0,66,248,4/16/2020 0:00,55989,3.7,2.9,3.9,1,3.7,4.2,3.15,0,0
118,Hello Baby,SAFE,,null,358834,66,248,4/15/2020 0:00,56073,2.7,3.1,1.4,5,3.3,3.1,3.06,0,0
119,Elemeno Health,SAFE,,null,603763,66,247,4/14/2020 0:00,56019,1.8,3.5,4.8,4.4,5,4.2,3.74,0,0
120,NYCE Co.,SAFE,,null,0,65,250,4/13/2020 0:00,56074,1.4,3.5,1.2,1,1,2.1,1.84,0,0
121,New Green,Equity - Common,,null,0,65,250,4/13/2020 0:00,55815,4.2,1,1,1,1,1,1.63,0,0
123,Reflex Protect,SAFE,,null,238234,277,248,4/9/2020 0:00,56075,2.3,2.7,2.7,4.6,4.6,5,3.44,0,0
124,Infinovate,Equity - Common,,null,0,277,248,4/8/2020 0:00,55871,2.3,3.9,4.6,1,2.7,2.5,2.85,0,0
125,1World Online,SAFE,Redwood City,California,2463869,66,248,4/6/2020 0:00,55700,1,4.2,4.4,5,4.4,2.5,3.4,0,0
127,Cornbread Hemp,Convertible Note,Louisville,Kentucky,180734,277,248,4/6/2020 0:00,55945,4.2,2.9,1.4,3.3,2.3,1.8,2.73,0,0
128,Clear Genius,Equity - Common,,null,266848,65,250,4/3/2020 0:00,55708,3.3,3.7,1,3.5,3.3,3.7,3.06,0,0
129,Next Door Photos,Equity - Common,,null,931839,277,247,4/3/2020 0:00,56176,2.7,3.9,2.9,4.8,4.8,3.7,3.61,0,0
130,Kazoo,Convertible Note,Washington,District of Columbia,0,277,250,4/3/2020 0:00,56129,4.8,2.5,2.1,3.7,3.9,3.1,3.23,0,0
136,Vand Labs,Equity - Common,New York,New York,0,277,248,4/1/2020 0:00,56140,3.5,3.9,2.1,1,2.7,3.7,2.85,0,0
137,Solutions Vending International,Equity - Common,,null,0,66,248,4/1/2020 0:00,56101,1.2,3.7,3.3,3.3,3.5,3.7,3.06,0,0
140,"Indy Brand Clothing, LLC",Equity - Common,,null,1639949,65,250,3/30/2020 0:00,56076,3.5,1.6,2.3,4.2,1.8,1.2,2.56,0,0
141,CricClubs Inc,SAFE,,null,574457,66,248,3/30/2020 0:00,56077,2.3,4.6,3.5,3.7,4.2,2.5,3.32,0,0
142,All ebt Foundation,SAFE,,null,0,66,248,3/30/2020 0:00,56027,3.5,4.4,1.4,1,3.3,4.8,3.02,0,0
143,College Coaching Network Inc.,Equity - Common,,null,15000,277,250,3/30/2020 0:00,56162,4.6,2.3,2.1,2.5,2.9,3.1,2.89,0,0
145,SideHustle App Inc,SAFE,,null,26316,277,249,3/27/2020 0:00,56078,4.8,3.3,1,2.7,1.8,1,2.56,0,0
146,GRIT BXNG,Equity - Common,,null,2000000,277,248,3/26/2020 0:00,56177,1.6,4.6,1.4,4.4,2.9,2.5,2.89,0,0
147,TrustFund,Equity - Common,,null,0,277,250,3/26/2020 0:00,55838,4.6,4.4,3.7,1,3.5,1.8,3.11,0,0
151,Mevo Inc.,Equity - Preferred,,null,4428320,66,247,3/25/2020 0:00,56146,1.8,5,4.2,4.6,5,3.1,3.74,0,0
153,"Natural Machines, Inc.",SAFE,New York,New York,462464,277,248,3/24/2020 0:00,56178,1,1.8,3.3,3.7,2.3,3.7,2.73,0,0
154,Digital Brands Group,Equity - Preferred,Los Angeles,California,30790000,277,247,3/24/2020 0:00,56179,1,4.8,3.7,5,4.4,2.5,3.4,0,0
155,"Flower Turbines, Inc.",Equity - Common,Lawrence,New York,0,66,248,3/24/2020 0:00,55583,1.2,2.7,4.8,4.4,4.8,4.8,3.57,0,0
156,"vRotors, Inc.",Equity - Common,Corona,California,93190,277,248,3/24/2020 0:00,56125,3.5,3.7,4.6,3.1,4.8,3.1,3.61,0,0
158,Grow With Jane,Convertible Note,Boulder,Colorado,2610,277,248,3/24/2020 0:00,56116,5,1.4,2.1,2.3,3.1,4.2,2.98,0,0
159,"A-Plan Coaching, LLC",Convertible Note,Brooklyn,New York,228720,277,248,3/24/2020 0:00,56144,2.3,3.7,3.9,3.5,3.9,2.5,3.19,0,0
160,WaterWorks,Equity - Common,Detroit,Michigan,0,277,250,3/23/2020 0:00,55530,1.8,4.8,4.8,1,3.5,3.1,3.11,0,0
162,Young God Inc.,Equity - Common,,null,492684,65,250,3/21/2020 0:00,56126,3.3,4.2,1,3.7,2.5,1.8,2.81,0,0
163,Goodwolf Feeding Company,Convertible Note,,null,156079,65,250,3/21/2020 0:00,56122,5,2.1,3.7,3.3,3.3,1,3.02,0,0
164,"Penny Luck Shoes, Inc.",Equity - Common,,null,244163,65,249,3/20/2020 0:00,56212,2.7,1.2,1,3.5,1,1.6,2.01,0,0
165,"KapitalWise, Inc.",Convertible Note,,null,79000,66,248,3/19/2020 0:00,56149,3.1,4.6,4.4,3.5,4.8,2.5,3.61,0,0
166,Our Life Foods,Convertible Note,,null,489576,65,250,3/19/2020 0:00,56150,4.4,3.9,3.5,3.7,5,3.1,3.74,0,0
168,R3 Printing,Convertible Note,,null,0,66,247,3/18/2020 0:00,55659,2.9,4.8,2.1,3.7,5,4.8,3.65,0,0
169,FLUUX,Convertible Note,,null,11163,277,250,3/18/2020 0:00,56156,5,3.3,3.1,3.1,4.8,3.1,3.53,0,0
171,Slash Haircare,Equity - Common,,null,8008,277,248,3/16/2020 0:00,55916,4.2,3.1,4.2,2.5,3.9,2.5,3.27,0,0
172,FIREPIE,SAFE,,null,1282750,65,250,3/16/2020 0:00,56180,4.2,4.6,1,4.6,3.5,1.2,3.11,0,0
173,"Tuffy Packs, Inc.",Equity - Common,,null,255128,65,250,3/16/2020 0:00,56097,3.7,2.1,3.1,3.5,3.1,2.5,2.98,0,0
174,"Bruno Albouze, Inc.",Equity - Common,,null,0,65,250,3/16/2020 0:00,56130,2.9,3.9,5,1,2.5,1,2.77,0,0
175,Politiscope,Convertible Note,,null,647,66,247,3/16/2020 0:00,56224,3.1,4.4,1.4,2.7,3.9,4.8,3.27,0,0
176,Axle.ai,SAFE,,null,853807,66,247,3/16/2020 0:00,56121,3.3,4.4,4.2,4.6,5,2.5,3.78,0,0
177,Lucas & Friend,Equity - Common,Jackson,Wyoming,null,0,250,3/13/2020 0:00,55460,5,1.4,1.2,1,1.6,3.7,2.47,0,0
182,CYDigital,Equity - Preferred,Herndon,Virginia,0,65,250,3/13/2020 0:00,55917,4.8,4.6,4.8,1,4.8,2.5,3.53,0,0
184,Hitch Hotel Inc.,Equity - Common,Santa Clarita,California,0,65,250,3/12/2020 0:00,55590,3.5,3.7,1.4,2.5,1.8,1.8,2.6,0,0
185,PromoShare,Equity - Common,Chicago,Illinois,208018,66,250,3/12/2020 0:00,55709,4.4,3.1,3.9,3.3,4.2,1.8,3.32,0,0
186,SNAPSHYFT,Equity - Common,Indianapolis,Indiana,360823,66,248,3/12/2020 0:00,55975,3.3,4.4,3.1,4.8,5,3.7,3.86,0,0
187,Urban Modesty,Equity - Preferred,Brooklyn,New York,273788,65,248,3/12/2020 0:00,56181,5,3.7,2.7,3.5,4.4,1.8,3.36,0,0
189,Sparkle,SAFE,Irving,Texas,0,65,250,3/11/2020 0:00,56105,3.3,1.8,1.4,1,1,1.8,1.88,0,0
190,Thinker-Tinker,Equity - Common,Pasadeba,California,0,66,247,3/11/2020 0:00,56163,2.3,4.2,2.5,1,2.9,4.8,2.94,0,0
191,UCapture,Convertible Note,New York,New York,26610,66,248,3/10/2020 0:00,56137,4.2,4.6,1.8,2.9,4.2,3.1,3.32,0,0
192,Lost Spirits Distillery,Equity - Common,Los Angeles,California,1804523,277,247,3/9/2020 0:00,56252,1.4,3.9,3.9,4.2,3.9,2.5,3.19,0,0
193,Linkio,SAFE,Miami,Florida,9493,277,250,3/9/2020 0:00,55877,4.4,1.8,1.2,3.5,1.6,1.2,2.43,0,0
194,SportBLX Thoroughbreds,Equity - Common,New York,New York,0,65,250,3/9/2020 0:00,24064,5,1.2,3.7,1.4,1.4,1,2.47,0,0
196,Young Entrepreneurship and Innovation International,SAFE,San Francisco,California,43635,277,250,3/8/2020 0:00,55549,4.4,2.1,1.6,2.9,2.5,3.1,2.81,0,0
197,BioLargo Water Investment Group,Equity - Common,Westminister,California,0,277,248,3/6/2020 0:00,55832,1.6,2.1,4.6,4.4,3.9,3.7,3.27,0,0
199,Live Free Foods,SAFE,Tampa,Florida,37204,65,250,3/6/2020 0:00,56152,5,1,1.8,2.9,1.4,1,2.35,0,0
202,Copperworks Distilling Company,Equity - Common,Seattle,Washington,857229,277,248,3/5/2020 0:00,56182,2.7,4.2,3.1,3.9,3.3,1.2,3.02,0,0
204,mcSquares,SAFE,Denver,Colorado,184761,277,250,3/4/2020 0:00,56183,2.1,3.5,5,4.6,5,3.1,3.65,0,0
205,Ample Foods,SAFE,San Francisco,California,2934247,277,247,3/4/2020 0:00,56151,1.8,4.2,3.3,5,4.6,3.1,3.48,0,0
209,Fuchsia Shoes,SAFE,,null,129750,65,250,3/2/2020 0:00,56184,4.4,5,2.1,3.3,3.7,1.2,3.19,0,0
211,ClimateCase,Equity - Common,,null,413527,65,250,3/2/2020 0:00,56185,4.6,3.1,1,3.7,2.7,1.8,2.85,0,0
212,Mamie's Pies,Equity - Common,,null,549924,65,250,3/2/2020 0:00,55554,3.1,5,2.9,3.7,4.4,2.1,3.36,0,0
213,Chicas Tacos,Equity - Common,,null,9450,65,250,3/2/2020 0:00,56213,3.1,2.7,1.4,4.4,1.6,1,2.52,0,0
214,American 7s Football League,Equity - Common,,null,20273,65,250,3/2/2020 0:00,55646,2.3,4.6,1,2.7,2.7,3.7,2.85,0,0
215,Hearo.Live,SAFE,,null,0,66,250,3/2/2020 0:00,55767,2.3,3.3,5,3.9,3.7,1.2,3.15,0,0
216,Asarasi,SAFE,,null,184942,277,248,3/2/2020 0:00,55990,2.3,4.8,2.9,4.8,3.9,1.6,3.27,0,0
217,Blue,SAFE,,null,0,66,248,3/2/2020 0:00,56085,1.6,3.1,2.5,3.9,3.7,4.8,3.19,0,0
218,Teooh,SAFE,,null,0,66,250,3/2/2020 0:00,56131,2.3,3.7,1.4,2.9,2.5,3.7,2.81,0,0
219,Yahyn,Equity - Common,,null,17162,277,250,3/2/2020 0:00,55787,3.5,3.9,1.8,2.9,3.3,3.1,3.06,0,0
223,Roots & Vine Produce and Café,Equity - Common,,null,0,65,250,2/28/2020 0:00,32015,5,1.4,4.6,1,1.8,1,2.6,0,0
224,Melanoid Exchange,SAFE,,null,0,277,250,2/28/2020 0:00,56037,2.1,2.9,1.2,1,1,1,1.63,0,0
225,Anthony's Cookies,Equity - Preferred,,null,727179,277,250,2/28/2020 0:00,55504,4.2,1,4.8,3.9,3.1,1,2.98,0,0
226,Epilog AI,Equity - Common,,null,0,66,248,2/28/2020 0:00,56120,2.3,4.4,2.9,1,3.5,5,3.11,0,0
227,Reset IV,Equity - Common,,null,329427,277,250,2/28/2020 0:00,55826,2.3,3.9,1.8,3.5,2.9,3.1,2.94,0,0
228,Zelgor,Equity - Common,,null,0,277,250,2/28/2020 0:00,55768,3.7,1.2,3.3,1,1.2,1.6,2.18,0,0
230,eCarra,SAFE,,null,72715,277,250,2/27/2020 0:00,56273,5,1,2.1,3.7,3.1,3.1,2.98,0,0
232,Biopact,Equity - Common,,null,0,66,248,2/26/2020 0:00,55661,1.2,4.6,3.9,1,2.1,2.5,2.64,0,0
233,Skinz.gg,Equity - Common,,null,0,65,250,2/26/2020 0:00,56186,2.7,1.4,1.2,1,1,1,1.46,0,0
234,Sienna Sauce,SAFE,,null,191851,65,250,2/26/2020 0:00,56106,4.2,1.2,1.8,3.3,1.2,1,2.31,0,0
236,Mighty Quinn's Barbeque,Convertible Note,,null,18442226,277,250,2/25/2020 0:00,56221,1.2,2.7,4.6,4.8,2.9,1.2,2.89,0,0
237,Roula,Convertible Note,,null,131164,65,248,2/25/2020 0:00,56225,4.6,2.5,3.9,3.3,4.6,3.1,3.48,0,0
238,ILLUSIO,Equity - Common,,null,3400,277,250,2/25/2020 0:00,56164,1.6,2.3,3.5,3.5,3.7,5,3.19,0,0
240,SunState Laboratories,Equity - Preferred,,null,10623,277,248,2/24/2020 0:00,56103,3.5,3.5,3.5,2.5,3.1,1.8,2.98,0,0
242,LaneAxis,Equity - Common,,null,0,66,248,2/24/2020 0:00,56147,2.7,5,2.5,1,2.3,2.5,2.73,0,0
243,Fleeting,SAFE,,null,41866,66,247,2/24/2020 0:00,56099,2.7,3.9,2.9,2.9,4.2,4.2,3.32,0,0
244,Hempazon,Equity - Common,,null,0,277,249,2/24/2020 0:00,55454,4.4,3.3,2.1,1,1.4,1,2.35,0,0
245,Event Hollow,SAFE,,null,0,66,248,2/21/2020 0:00,55984,3.1,4.4,3.5,3.3,3.9,1.8,3.23,0,0
246,ASK Education,Equity - Common,,null,0,277,249,2/21/2020 0:00,55769,4.6,3.3,3.9,1,2.9,1.6,2.89,0,0
247,Curastory,SAFE,,null,0,66,248,2/20/2020 0:00,56089,3.3,3.3,2.5,1,2.7,4.2,2.85,0,0
248,Mindcurrent,SAFE,,null,0,66,250,2/20/2020 0:00,56022,4.6,1.6,3.7,2.3,3.7,3.7,3.19,0,0
249,Pippy Sips,Convertible Note,,null,0,277,248,2/20/2020 0:00,56248,4.6,1.6,2.5,1,1.8,3.1,2.56,0,0
250,Calyx Cultivation Tech,SAFE,,null,27916,277,250,2/20/2020 0:00,56056,3.3,2.7,3.7,4.2,4.8,4.2,3.61,0,0
252,Jetoptera,Convertible Note,,null,0,66,248,2/20/2020 0:00,56230,1.4,3.9,2.3,3.5,3.7,4.8,3.19,0,0
253,Wearwell,SAFE,,null,56258,277,250,2/19/2020 0:00,55991,2.7,5,3.5,2.9,4.2,2.5,3.32,0,0
254,Lifograph,SAFE,,null,52525,277,248,2/18/2020 0:00,56187,3.5,4.8,1,2.9,3.3,3.1,3.06,0,0
256,Incluzion,SAFE,,null,1020,66,250,2/18/2020 0:00,56188,4.8,1.8,3.7,2.3,3.7,3.1,3.15,0,0
261,COLORS: Oakland,Equity - Common,,null,0,65,250,2/14/2020 0:00,55872,4.8,1.2,4.4,1,1.8,1.2,2.52,0,0
262,"Baqua, Inc.",Equity - Common,,null,6211,65,250,2/14/2020 0:00,55809,3.3,1,2.5,2.5,1.2,1.2,2.09,0,0
263,Thuzio,SAFE,,null,2600000,65,248,2/14/2020 0:00,56189,2.9,3.1,3.7,5,4.8,3.1,3.57,0,0
264,KulaCrate,Equity - Common,,null,110,65,250,2/14/2020 0:00,55996,4.6,3.1,1,1,2.3,3.7,2.68,0,0
266,Galactic Adventures,Equity - Preferred,,null,0,65,249,2/13/2020 0:00,56107,3.5,2.9,1,1,1,1,1.88,0,0
267,"GoBQ Grills, Inc.",Equity - Common,,null,45755,65,250,2/13/2020 0:00,55673,3.1,4.2,1,3.3,2.3,1.8,2.68,0,0
268,ThoughtFull Toys Inc.,Equity - Preferred,,null,1580699,277,250,2/13/2020 0:00,56214,3.3,3.5,5,5,5,2.5,3.86,0,0
270,Everydae,SAFE,,null,326909,277,250,2/7/2020 0:00,56190,2.3,2.7,4.2,3.5,3.3,2.5,3.02,0,0
271,Delsure Health Insurance,Equity - Common,,null,0,277,249,2/7/2020 0:00,55982,4.4,4.2,1,3.9,3.1,1.2,2.94,0,0
272,Pacific Integrated Energy,Equity - Common,,null,6000,66,250,2/7/2020 0:00,55959,1,4.8,4.6,4.6,4.4,2.1,3.4,0,0
273,Zanbazan,SAFE,,null,0,65,250,2/6/2020 0:00,56165,5,4.8,1,1,2.7,2.5,2.85,0,0
276,The Greatest Adventure on Earth,SAFE,,null,0,65,250,2/4/2020 0:00,56157,4.2,5,2.1,1,3.9,4.2,3.27,0,0
277,Pure Green Franchise,SAFE,,null,2692030,65,248,2/4/2020 0:00,56054,2.1,3.7,3.9,4.4,3.5,1.2,3.06,0,0
278,Yae! Organics,Equity - Common,,null,128989,65,250,2/3/2020 0:00,56117,4.6,5,1.8,3.3,3.7,1,3.15,0,0
279,Franny's Manufacturing,Equity - Common,,null,93578,65,250,2/3/2020 0:00,55612,4.4,4.6,3.3,3.1,3.9,1,3.27,0,0
280,SoKO,Equity - Common,,null,544360,65,248,2/3/2020 0:00,56215,2.1,4.2,2.1,3.7,2.1,1.2,2.64,0,0
281,SONDORS Electric Car Company,Equity - Common,,null,0,66,248,2/3/2020 0:00,56216,1,5,2.9,3.7,3.3,2.5,3.02,0,0
282,Dispatch Goods,SAFE,,null,0,277,248,2/3/2020 0:00,56148,4.4,4.8,1.4,1,2.9,3.1,2.94,0,0
283,Fashwire,SAFE,,null,0,277,250,2/3/2020 0:00,56108,2.3,3.9,1,3.5,2.1,2.5,2.64,0,0
284,Proper Good,SAFE,,null,0,277,250,1/31/2020 0:00,56191,3.3,4.8,3.9,1,3.3,2.1,3.02,0,0
285,Mammalz,Convertible Note,,null,337,277,248,1/31/2020 0:00,56079,4.2,3.1,2.9,2.9,4.6,4.2,3.44,0,0
287,OuiPlease,Equity - Common,,null,350719,65,249,1/31/2020 0:00,56217,4.2,3.3,2.9,3.5,3.1,1,2.98,0,0
288,Edison Golf Company,SAFE,,null,0,65,250,1/30/2020 0:00,56222,4.8,1.8,5,1,2.9,1.8,2.89,0,0
290,Kansas City Breweries & Beverage Company,Equity - Common,,null,2400,65,250,1/28/2020 0:00,55918,2.3,5,1,2.3,1.4,1,2.31,0,0
291,Aviana Holdings,Equity - Common,,null,33600,277,250,1/28/2020 0:00,55919,1.4,4.6,3.9,4.6,3.9,1.6,3.23,0,0
292,Neurohacker Collective,SAFE,,null,6624934,277,250,1/28/2020 0:00,56262,1,5,3.3,5,3.5,1,3.06,0,0
293,The Fantasy Network,Equity - Common,,null,70607,65,250,1/28/2020 0:00,55827,2.5,3.1,3.9,3.1,3.9,3.7,3.27,0,0
294,CannTrade,SAFE,,null,47110,65,250,1/28/2020 0:00,56242,3.7,4.8,1.4,2.9,3.3,2.5,3.06,0,0
299,A Boring Life,SAFE,,null,26014,277,247,1/27/2020 0:00,56082,4.6,4.6,2.3,3.1,3.9,1.8,3.27,0,0
300,Plei,SAFE,,null,133000,66,247,1/27/2020 0:00,56166,2.7,3.9,2.1,3.5,4.4,4.8,3.4,0,0
301,FlowerBee Group,Convertible Note,,null,0,65,250,1/27/2020 0:00,56141,4.6,4.4,1.8,1,3.1,3.1,2.98,0,0
302,Sinusave,CAFES,,null,19793,65,250,1/23/2020 0:00,56132,4.2,4.8,2.9,2.7,3.9,1.6,3.23,0,0
303,Elite Amateur Fight League,Equity - Common,,null,13080,65,250,1/23/2020 0:00,55762,3.5,3.1,2.7,2.5,3.5,3.7,3.11,0,0
304,Amplified Ale Works,Equity - Preferred,,null,2904698,65,248,1/23/2020 0:00,56223,1.8,5,3.9,5,4.4,1,3.36,0,0
305,Acciyo,SAFE,,null,0,277,250,1/23/2020 0:00,56093,4.4,4.8,1,2.9,4.4,3.7,3.36,0,0
310,Veridian at County Farm,Equity - Preferred,Detroit,Michigan,null,65,250,1/17/2020 0:00,55935,5,1.6,3.3,1,3.3,4.2,3.02,0,0
329,3 Some Chocolate Cuisine,SAFE,Mount Vernon,New York,null,277,250,1/10/2020 0:00,55855,4.6,1.4,2.1,1,1,1.2,2.05,0,0
330,ElliptiGO,Equity - Preferred,,null,4642737,65,250,1/10/2020 0:00,56272,1,3.1,3.7,5,3.1,2.1,2.98,0,0
332,Shockwave Motors,Equity - Common,,null,0,65,250,1/10/2020 0:00,55906,4.2,2.7,4.6,1,3.5,3.1,3.11,0,0
333,Natural Selection,SAFE,,null,906604,65,250,1/9/2020 0:00,56232,2.9,3.1,1,3.9,1.4,1,2.39,0,0
334,70 Million Jobs,SAFE,,null,86992,66,248,1/9/2020 0:00,56167,2.3,4.4,4.8,4.6,4.8,1.6,3.53,0,0
335,NIRA Skin,Equity - Common,,null,2388,65,250,1/8/2020 0:00,56234,1.6,3.1,4.4,2.3,3.5,4.2,3.11,0,0
338,SecretDays,CAFES,,null,0,65,250,1/7/2020 0:00,56090,5,1,1,1,1,1,1.8,0,0
339,Narrative Food,Equity - Preferred,,null,510377,65,250,1/6/2020 0:00,56192,4.8,1.8,1,3.7,1.6,1.2,2.52,0,0
342,Oodles Corporation,SAFE,,null,9301,277,249,1/6/2020 0:00,55980,2.7,2.1,4.6,4.4,3.1,1.2,2.98,0,0
343,NovoMoto,Convertible Note,,null,21045,65,250,1/6/2020 0:00,56083,4.2,3.3,1.4,2.7,2.9,3.1,2.94,0,0
344,Oracle Health,SAFE,,null,0,66,250,1/6/2020 0:00,56251,4.2,3.1,4.2,1,4.2,4.2,3.32,0,0
345,LiquidPiston,Equity - Common,,null,2840294,277,247,1/3/2020 0:00,56238,1,5,4.2,5,5,3.7,3.78,0,0
346,Geoship,Equity - Common,,null,0,277,250,1/3/2020 0:00,56109,2.3,4.4,1,1,2.3,4.8,2.68,0,0
347,BitiCar,Equity - Common,,null,0,65,250,1/2/2020 0:00,55451,1.2,4.6,1,1,1,2.1,1.97,0,0
348,Lyons Ave Renaissance,Equity - Common,,null,0,65,250,1/2/2020 0:00,56102,4.6,3.1,3.5,1,2.1,1,2.64,0,0
349,Bum Butt Corporation,CAFES,,null,0,65,250,1/2/2020 0:00,56041,5,4.8,1,1,2.7,2.5,2.85,0,0
350,ZAMii,CAFES,,null,0,65,249,1/2/2020 0:00,56042,5,4.2,1,1,1.6,1,2.43,0,0
351,Social5,Equity - Common,,null,2646599,65,249,1/2/2020 0:00,55816,2.7,3.3,3.5,4.4,3.1,1,2.98,0,0
352,Vibravision,Equity - Common,,null,48597,277,249,1/2/2020 0:00,55817,2.7,1.8,3.7,2.9,1.6,1.2,2.47,0,0
353,Citizen Armor,Equity - Common,,null,287969,65,250,1/2/2020 0:00,56158,2.5,3.7,3.5,3.5,3.9,3.1,3.27,0,0
355,Coinseed,SAFE,,null,279257,66,250,1/2/2020 0:00,56168,3.7,2.9,1.6,3.5,2.7,2.5,2.85,0,0
356,Saberation,Equity - Common,,null,70379,65,250,1/2/2020 0:00,56159,4.6,5,1,3.1,3.1,1.2,2.98,0,0
362,Stay Cool,SAFE,,null,57694,65,250,1/2/2020 0:00,56193,4.2,4.2,1.8,2.9,4.4,3.7,3.36,0,0
363,Nuu Rez,Equity - Common,,null,0,65,248,1/2/2020 0:00,55744,4.2,5,4.6,1,4.8,3.1,3.57,0,0
366,Hoop Tea,Equity - Preferred,,null,0,65,250,12/30/2019 0:00,56020,2.9,4.8,2.7,1,1.6,1,2.47,0,0
368,Stareable,SAFE,,null,48383,66,250,12/30/2019 0:00,56169,3.3,4.2,2.1,3.9,3.7,2.5,3.19,0,0
369,Rocket Dollar,SAFE,,null,50895,66,248,12/30/2019 0:00,56246,1.4,5,3.7,3.9,3.7,1.6,3.15,0,0
370,Juna,SAFE,,null,161134,277,248,12/27/2019 0:00,56071,4.4,4.6,2.3,3.3,3.5,1,3.11,0,0
372,CompanionCBD,Equity - Common,,null,18261,277,250,12/23/2019 0:00,56253,4.2,2.1,4.8,2.7,3.5,1.6,3.06,0,0
373,Prime Lightworks,Equity - Common,,null,0,66,249,12/23/2019 0:00,55745,2.1,3.3,2.9,3.5,2.7,2.5,2.85,0,0
374,Rumble Motors,Equity - Common,,null,353000,277,250,12/23/2019 0:00,55542,1.8,4.8,1,3.5,2.1,2.1,2.64,0,0
375,SkillSoniq,SAFE,,null,5882,277,250,12/20/2019 0:00,56229,3.3,2.9,1.6,2.5,2.3,3.1,2.68,0,0
378,HARA Flow,Equity - Common,,null,179360,65,250,12/20/2019 0:00,56194,1.8,4.6,1,3.3,1.4,1,2.35,0,0
379,Commerce.AI,Equity - Common,,null,356000,66,247,12/20/2019 0:00,56127,1.2,4.8,2.5,5,3.3,1.6,3.02,0,0
381,Michael Ray Galleries,CAFES,,null,0,65,250,9/5/2019 0:00,56043,5,1,4.6,1,1.8,1,2.52,0,0
382,Of The North Beverage International,CAFES,,null,0,65,250,9/4/2019 0:00,56044,2.5,5,5,1,2.9,1.2,2.94,0,0
383,English for a Song,CAFES,,null,0,277,250,9/4/2019 0:00,56045,5,4.6,4.6,1,4.2,1.2,3.27,0,0
384,Palouse Ag-Drone Services,CAFES,,null,0,277,250,7/11/2019 0:00,56046,5,3.3,1,1,2.3,3.1,2.68,0,0
385,"earthdog, GP",CAFES,,null,286000,65,250,9/4/2019 0:00,56047,4.8,2.1,4.8,3.5,3.9,1,3.23,0,0
386,Shira Productions,CAFES,,null,0,65,250,4/1/2019 0:00,56133,5,1,1,1,1,1,1.8,0,0
387,Simpkins E-Bikes,CAFES,,null,0,65,250,4/4/2019 0:00,56134,5,3.3,5,1,3.9,2.1,3.27,0,0
388,Plugsby,CAFES,,null,0,65,250,4/22/2019 0:00,56048,5,3.9,1.2,1,2.1,2.1,2.64,0,0
389,EV Trail,CAFES,,null,0,66,250,5/20/2019 0:00,56049,5,3.1,1,1,1.6,2.5,2.52,0,0
391,18th and Fairfax LLC dba Intox-Detox,CAFES,,null,19606,65,249,9/5/2019 0:00,56050,5,1.6,2.7,2.7,1.8,1,2.6,0,0
392,The OmniPad Company,CAFES,,null,0,277,250,8/31/2019 0:00,56051,4.6,3.7,1,1,2.9,4.2,2.89,0,0
393,Elastico Tequila Grille Co,CAFES,,null,0,65,250,9/27/2019 0:00,56052,4.2,4.2,2.7,1,1.8,1,2.6,0,0
394,Bright Global Ventures,CAFES,,null,0,65,250,10/4/2019 0:00,56135,2.7,4.2,1,1,1,1,1.97,0,0
396,Journify,CAFES,,null,0,277,250,11/15/2019 0:00,56053,4.2,4.6,1,1,1.6,1.8,2.52,0,0
397,See Me Live,CAFES,,null,0,277,250,11/25/2019 0:00,56069,3.5,5,1,1,2.7,3.7,2.85,0,0
398,PaQuì Tequila,Equity - Common,,null,53553,277,250,12/19/2019 0:00,56118,2.7,3.1,5,4.8,4.6,1.8,3.48,0,0
399,SitTight,Equity - Common,,null,127134,65,250,12/19/2019 0:00,56254,1.6,3.5,3.3,3.3,3.5,3.7,3.11,0,0
417,Cloudastructure,SAFE,,null,130000,66,247,12/18/2019 0:00,56155,2.7,3.7,5,4.6,4.6,1.2,3.44,0,0
418,Airemos,Equity - Common,,null,300244,277,249,12/18/2019 0:00,56258,2.7,2.3,2.9,3.5,3.5,4.2,3.11,0,0
419,Skunk Brothers Spirits,Equity - Common,,null,75633,65,250,12/18/2019 0:00,56110,3.7,4.8,2.9,3.1,3.5,1,3.11,0,0
422,Sunu,SAFE,,null,321616,277,247,12/18/2019 0:00,56111,2.3,4.4,3.1,4.8,5,4.2,3.74,0,0
423,BioCurity Pharmaceuticals,Equity - Preferred,,null,0,66,250,12/17/2019 0:00,56119,1,1.6,3.5,3.7,2.3,3.7,2.73,0,0
424,XTI Aircraft,Equity - Common,,null,0,277,250,12/17/2019 0:00,55633,1,4.8,4.4,3.1,3.9,3.1,3.27,0,0
425,VegasWinners,Equity - Common,,null,11877,277,250,12/16/2019 0:00,56039,3.1,1.8,5,2.5,2.9,2.1,2.89,0,0
426,Alpha'a,SAFE,,null,105758,277,250,12/16/2019 0:00,56195,2.7,4.8,2.3,3.1,3.1,2.1,2.98,0,0
427,Genobank.io,SAFE,,null,0,66,250,12/16/2019 0:00,56080,2.5,1.8,2.1,1,1,2.5,1.97,0,0
433,CEO Space,Equity - Common,,null,781010,65,250,10/21/2019 0:00,56160,2.3,3.7,3.9,3.9,3.1,1,2.98,0,0
434,Vendaval,Equity - Preferred,,null,0,65,250,8/21/2019 0:00,55818,1.4,1,1,1,1,1.2,1.13,0,0
435,Slumber Bump,Equity - Common,,null,199139,65,250,10/1/2019 0:00,56161,3.5,3.1,4.6,3.3,4.2,2.1,3.32,0,0
436,Robovet,SAFE,,null,0,277,250,12/12/2019 0:00,56031,4.8,3.1,3.9,1,4.6,4.8,3.53,0,0
437,Akibah Health,Equity - Common,,null,0,66,248,12/12/2019 0:00,56196,3.1,2.7,2.7,1,2.9,5,2.89,0,0
438,Story2,SAFE,,null,418213,277,250,12/12/2019 0:00,56197,2.3,1.2,3.5,4.6,2.3,1.8,2.68,0,0
442,BatteryXchange,Convertible Note,,null,0,65,250,10/28/2019 0:00,55960,4.4,2.9,1,1,1.4,2.5,2.35,0,0
443,Billion Vegans,SAFE,,null,56277,66,248,12/11/2019 0:00,56255,3.3,3.1,3.3,4.4,4.6,3.1,3.44,0,0
445,Delee,SAFE,,null,0,277,248,12/11/2019 0:00,56220,2.3,4.8,4.2,4.4,5,4.8,4.07,0,0
448,Bee Mortgage App,Equity - Common,,null,0,277,250,11/18/2019 0:00,55920,3.5,5,1.2,1,2.3,2.5,2.64,0,0
449,Peeka VR,Equity - Common,,null,17130,66,250,11/19/2019 0:00,55921,4.2,4.4,1,2.7,4.2,4.2,3.27,0,0
453,C Meyers Feldman & Co,Equity - Common,,null,782715,65,250,6/6/2019 0:00,56142,3.5,2.5,5,3.9,3.7,1,3.19,0,0
454,Crafthouse Cocktails,Convertible Note,,null,622601,65,250,12/10/2019 0:00,56274,2.9,1.6,4.4,3.9,3.1,2.1,2.98,0,0
455,Atlis Motor Vehicles,Equity - Common,null,null,0,277,250,12/10/2019 0:00,56198,1,4.8,2.9,3.1,4.2,4.8,3.32,0,0
456,Back To Space,Equity - Preferred,,null,118457,277,250,12/9/2019 0:00,55992,3.1,3.7,2.9,3.9,3.1,1.2,2.98,0,0
457,Hive,SAFE,,null,2038139,66,248,12/9/2019 0:00,56267,2.3,3.3,4.8,4.4,4.8,3.1,3.57,0,0
458,Shark Wheel,Equity - Common,,null,950796,277,250,12/6/2019 0:00,56199,1.2,1.6,4.2,5,2.5,2.1,2.81,0,0
459,Dented Brick Distillery,SAFE,,null,396749,277,248,12/6/2019 0:00,56200,3.5,4.6,2.7,5,4.4,1,3.36,0,0
461,PhorMed,Equity - Common,,null,0,277,250,12/6/2019 0:00,55807,1,4.4,1,1,1.4,4.2,2.31,0,0
462,Grady's Cold Brew,Equity - Common,,null,3896701,277,248,12/6/2019 0:00,55746,1.8,2.7,3.5,4.4,2.9,2.1,2.89,0,0
463,RehabPath,SAFE,,null,214993,277,248,12/6/2019 0:00,56236,4.2,3.5,3.7,3.3,5,4.8,3.91,0,0
464,Thematic,Convertible Note,,null,10481,277,248,12/6/2019 0:00,56259,2.7,4.8,4.2,2.9,3.5,1,3.11,0,0
466,Linen App,SAFE,,null,0,277,250,12/5/2019 0:00,55498,1.4,5,1.6,1,1,1.2,2.05,0,0
467,Eight Bridges Brewing,Equity - Common,,null,369422,65,250,12/3/2019 0:00,56201,4.4,5,2.5,3.7,4.2,1,3.32,0,0
470,AmmoSquared,Equity - Preferred,,null,61265,277,250,12/2/2019 0:00,56256,3.7,4.2,2.5,2.9,4.8,4.8,3.61,0,0
472,World Tree,Equity - Common,,null,0,65,250,12/2/2019 0:00,56060,2.5,4.8,4.6,4.4,5,4.2,4.07,0,0
474,Buff Bake,SAFE,,null,2536240,277,250,12/2/2019 0:00,56250,2.9,3.9,2.7,4.4,3.5,1.6,3.11,0,0
475,Upshift,SAFE,,null,64847,66,248,12/2/2019 0:00,55566,3.1,5,3.3,4.8,5,3.7,3.99,0,0
478,LYFETYMES,SAFE,,null,0,277,249,11/20/2019 0:00,56269,2.9,4.4,1,1,1.2,1.6,2.18,0,0
481,Blue Top Brand,Equity - Preferred,,null,1057318,65,248,11/19/2019 0:00,56170,2.3,3.5,5,3.9,3.7,1.2,3.19,0,0
483,Attorney Et Al,Equity - Common,,null,0,277,250,11/18/2019 0:00,56145,2.3,1.8,5,1,1.4,1.6,2.35,0,0
485,Stemsation,Equity - Common,,null,0,277,250,11/18/2019 0:00,56239,2.3,4.8,4.4,1,2.3,1,2.68,0,0
486,ChoiceTrade,Equity - Common,,null,927143,66,247,11/15/2019 0:00,56154,1.2,3.3,4.6,3.9,3.9,3.1,3.23,0,0
488,AppApp,SAFE,,null,2332,65,249,11/14/2019 0:00,56270,2.9,4.6,2.3,2.5,3.3,3.1,3.06,0,0
491,Pressure Games,Convertible Note,,null,300,65,250,11/12/2019 0:00,56233,4.6,1.4,1,1,1.2,2.5,2.09,0,0
494,Growing Talent,SAFE,,null,0,277,250,11/12/2019 0:00,56143,4.4,4.8,2.1,1,3.3,3.1,3.06,0,0
495,Léon & George,SAFE,,null,1349052,277,247,11/11/2019 0:00,56263,2.3,4.8,2.1,5,4.8,3.7,3.57,0,0
496,Sweetberry,SAFE,,null,2089477,65,250,11/11/2019 0:00,56271,2.7,5,1.4,4.8,4.4,3.1,3.4,0,0
498,Ternio BlockCard,SAFE,,null,1201406,66,247,11/8/2019 0:00,56100,1.8,4.8,1.4,3.9,3.7,3.7,3.15,0,0
501,Wandering Barman,SAFE,,null,75515,65,250,11/5/2019 0:00,56237,4.2,4.2,2.9,3.1,4.4,2.5,3.36,0,0
502,Provenance,SAFE,,null,1430801,65,248,11/5/2019 0:00,55943,4.2,4.8,2.9,4.2,4.8,1.8,3.57,0,0
503,Ember Fund,SAFE,,null,1710,66,247,11/4/2019 0:00,56243,3.7,3.9,1.6,2.3,3.7,4.2,3.15,0,0
504,The Lieu,SAFE,,null,1893,65,250,11/4/2019 0:00,56202,3.7,4.6,1,2.3,3.7,4.2,3.15,0,0
507,Smart Soda,Equity - Common,,null,276616,65,250,11/1/2019 0:00,56235,2.1,4.6,2.3,3.5,2.3,1,2.68,0,0
508,Elevate Nutrition,Equity - Common,,null,98314,277,248,10/31/2019 0:00,56244,3.5,2.1,2.7,3.1,2.5,2.5,2.77,0,0
509,Megalopolis,Equity - Common,,null,749509,277,248,10/31/2019 0:00,56203,3.5,4.6,1.2,4.4,3.9,2.5,3.23,0,0
510,Rhino Hide,Equity - Common,,null,0,65,250,10/31/2019 0:00,56245,3.1,3.3,4.6,3.7,5,4.2,3.78,0,0
511,Currency Tracking Technologies,Other Security Type,,null,0,277,250,10/31/2019 0:00,56138,2.5,2.7,1,1,1.6,5,2.43,0,0
512,Called Higher Studios,Equity - Common,,null,0,65,249,10/30/2019 0:00,56240,4.8,4.6,2.7,1,3.1,1.8,2.98,0,0
513,Atmos Home,Convertible Note,,null,0,66,248,10/30/2019 0:00,55600,2.3,4.8,1.4,2.9,2.9,3.1,2.89,0,0
515,Life Imaging,Equity - Common,,null,0,277,249,10/29/2019 0:00,55613,4.4,4.4,1.6,1,2.3,2.1,2.68,0,0
518,Metaiye Knights,Equity - Preferred,,null,0,277,250,10/25/2019 0:00,55754,2.7,2.5,1.4,1,1,1.2,1.76,0,0
520,FreeRolls Entertainment,Equity - Preferred,,null,65185,65,250,10/24/2019 0:00,56204,1.8,5,1,3.9,1.8,1,2.56,0,0
526,PlantSnap Incorporated,Equity - Common,,null,2173483,66,248,10/22/2019 0:00,56205,1.2,4.6,2.9,4.4,4.6,4.2,3.44,0,0
531,Flowh,Equity - Common,,null,635,277,250,10/17/2019 0:00,55601,4.6,4.4,2.7,1,2.9,1.8,2.89,0,0
533,GoSun,Equity - Common,,null,1565135,65,250,10/16/2019 0:00,56096,1.6,3.1,4.4,4.6,4.8,4.2,3.57,0,0
534,Clear Water Distilling,Equity - Common,,null,0,65,250,10/16/2019 0:00,55791,2.7,5,1,1,1.2,1,2.14,0,0
537,Dapper Boi,Equity - Common,,null,334811,65,250,10/11/2019 0:00,56206,3.1,5,2.7,3.9,4.2,1.8,3.32,0,0
539,Chow420,Equity - Common,,null,0,277,250,10/11/2019 0:00,56035,3.5,4.8,1,1,1.8,2.5,2.56,0,0
541,Gravatate,SAFE,,null,234,66,250,10/9/2019 0:00,56247,4.2,2.3,2.9,3.7,3.9,3.1,3.23,0,0
542,hobbyDB,Equity - Preferred,,null,313961,277,250,10/9/2019 0:00,56226,1.4,3.1,4.6,5,4.2,2.5,3.32,0,0
544,Fisher Wallace Laboratories,Equity - Common,,null,4717684,65,248,10/8/2019 0:00,56268,1.6,4.2,3.9,4.4,5,4.2,3.65,0,0
547,Youcanevent,SAFE,,null,258659,66,247,10/8/2019 0:00,56171,3.1,3.7,2.1,3.5,2.7,1.8,2.85,0,0
548,SunVessel,SAFE,,null,0,66,250,10/7/2019 0:00,56231,4.2,3.3,1.6,1,1.6,2.5,2.52,0,0
556,Avenify,SAFE,,null,0,66,247,10/3/2019 0:00,56207,4.4,4.4,1,1,2.9,3.7,2.89,0,0
557,SelenBio,Equity - Common,,null,12142,66,250,10/3/2019 0:00,56218,1.4,2.1,2.3,4.4,2.1,3.1,2.64,0,0
562,Layali,SAFE,,null,109413,65,250,9/30/2019 0:00,56172,4.8,2.9,1,3.1,3.1,3.1,2.98,0,0
571,HelloAva,SAFE,,null,72144,66,248,9/24/2019 0:00,56260,1.6,4.4,2.1,3.5,3.7,4.2,3.15,0,0
572,Boyish Records,SAFE,,null,500,65,250,9/23/2019 0:00,56112,3.5,1.6,2.1,1,1,1,1.84,0,0
574,SoapSox,Equity - Common,,null,759911,65,250,9/20/2019 0:00,56173,3.1,3.1,3.5,3.9,5,4.8,3.69,0,0
576,Liberty Access Technologies,Equity - Common,,null,813613,66,248,9/20/2019 0:00,55732,1.4,3.3,5,3.9,3.9,2.5,3.23,0,0
582,LEAF & ASH,Convertible Note,,null,0,65,250,9/18/2019 0:00,55819,4.2,2.5,1,1,1.4,3.1,2.35,0,0
583,PromSocial,SAFE,,null,0,65,250,9/13/2019 0:00,56227,4.8,4.2,2.9,1,4.4,4.2,3.4,0,0
589,Colossal,SAFE,,null,2175,277,250,9/11/2019 0:00,56249,5,3.9,1.4,2.3,3.7,3.1,3.15,0,0
590,tinyB chocolate,SAFE,,null,317558,65,248,9/11/2019 0:00,56264,4.6,1.4,3.1,3.5,3.7,3.1,3.15,0,0
593,Locl,SAFE,,null,0,65,250,9/10/2019 0:00,56208,5,3.7,1,1,1.6,1.8,2.52,0,0
595,WeStrive,SAFE,,null,0,277,250,9/6/2019 0:00,56257,4.6,4.6,2.1,1,3.7,3.7,3.19,0,0
596,Le Bread Xpress,SAFE,,null,3953,65,250,9/6/2019 0:00,56219,4.8,3.3,2.5,4.4,4.8,3.1,3.61,0,0
600,Soar Robotics,SAFE,,null,0,66,250,9/5/2019 0:00,56266,3.3,3.1,2.7,1,1.6,2.5,2.52,0,0
602,Green Growth,Convertible Note,null,null,0,65,250,9/3/2019 0:00,56063,4.4,4.8,1,1,2.3,2.5,2.73,0,0
603,"Scrap Connection, Inc.",SAFE,,null,16172,277,250,8/30/2019 0:00,56032,2.7,3.7,4.8,4.4,5,3.7,3.86,0,0
605,Aptera Motors,SAFE,,null,0,66,250,8/29/2019 0:00,56241,1.4,5,3.5,1,2.5,3.1,2.81,0,0
616,Neurotez,Equity - Common,,null,0,277,248,8/19/2019 0:00,55756,1.2,3.5,5,4.4,5,4.8,3.78,0,0
621,DoraHacks,SAFE,,null,0,277,250,8/14/2019 0:00,56228,1,2.1,1.8,1,1,3.1,1.8,0,0
631,kulaBrands,Equity - Common,,null,1258601,277,250,8/5/2019 0:00,56174,1.4,2.9,3.3,3.9,2.9,3.1,2.94,0,0
637,Dome Audio,Equity - Common,,null,0,65,250,7/29/2019 0:00,55911,1.6,1.2,4.6,1,1.6,3.7,2.43,0,0
650,Thalia Brands,Equity - Common,,null,2183575,65,250,7/18/2019 0:00,55747,2.7,2.5,1,4.4,2.9,4.2,2.94,0,0
652,The Human Baton,Equity - Preferred,,null,0,277,248,7/18/2019 0:00,55864,1.6,4.2,4.4,1,3.5,4.2,3.06,0,0
654,Rayton Solar,Convertible Note,,null,0,277,250,7/17/2019 0:00,56113,1,3.1,3.9,3.7,4.2,4.8,3.32,0,0
655,Spero CBD,Convertible Note,,null,140,65,250,7/16/2019 0:00,55970,3.7,2.5,2.5,1,1.6,2.5,2.43,0,0
656,El Tinieblo International,Equity - Common,,null,0,277,248,7/13/2019 0:00,55831,2.7,4.2,2.7,1,2.7,3.7,2.85,0,0
662,StorEn Technologies,Equity - Common,,null,500000,277,250,7/4/2019 0:00,56261,1.2,2.1,3.9,4.4,3.9,4.8,3.27,0,0
665,Weeds Never Sleep,SAFE,,null,0,65,250,7/3/2019 0:00,55452,4.6,1.6,3.5,1,3.1,4.2,2.98,0,0
677,SanMelix Laboratories,Equity - Common,,null,0,277,247,6/20/2019 0:00,55513,2.9,3.7,4.6,2.9,5,4.8,3.78,0,0
703,KingsCrowd,Equity - Common,,null,2293,66,250,5/27/2019 0:00,56265,4.4,3.7,2.9,2.3,4.8,4.8,3.61,0,0
720,420 Real Estate,Convertible Note,,null,0,65,250,5/15/2019 0:00,56153,4.8,4.4,1,1,2.3,2.5,2.73,0,0
736,Core State Holdings,Equity - Preferred,,null,0,66,250,5/1/2019 0:00,55543,3.9,2.1,2.9,1,1.4,2.1,2.39,0,0
738,Bounty0x,SAFE,,null,0,66,250,5/1/2019 0:00,56175,4.2,2.9,1.8,1,1.2,1.2,2.22,0,0
763,Eclipse Diagnostics,Equity - Common,,null,0,66,250,4/11/2019 0:00,56209,1.8,3.3,4.4,2.5,3.7,3.7,3.15,0,0
783,Trella Technologies,Convertible Note,,null,68,277,250,3/20/2019 0:00,55803,1.2,4.2,4.4,1,2.5,3.1,2.77,0,0
798,81-c,Equity - Tokens,,null,0,65,250,3/7/2019 0:00,56210,5,1.4,4.2,1,2.3,2.1,2.73,0,0
811,WaterRR,Equity - Common,,null,0,65,250,2/28/2019 0:00,56211,4.2,3.7,4.4,1,5,5,3.65,0,0
845,QwikLeaf,Convertible Note,,null,0,66,250,2/4/2019 0:00,55770,4.2,1.6,1,1,1,2.5,2.05,0,0
866,GURU by MSBAI,Equity - Common,,null,0,66,250,1/24/2019 0:00,55771,3.1,2.9,4.6,1,2.9,3.1,2.94,0,0
871,Karaganda,Equity - Common,,null,0,65,250,1/23/2019 0:00,32146,5,1,2.5,1,1.2,1,2.09,0,0
878,Open Box Buy,Convertible Note,,null,0,65,250,1/15/2019 0:00,55825,1.8,2.1,4.6,1,1.4,2.5,2.39,0,0
1708,Savannah Sauce Company,Convertible Note,Savannah,Georgia,137051,65,250,6/8/2020 0:00,55999,5,2.3,2.5,3.3,2.7,1.2,2.85,0,0
1709,Launch,SAFE,New York,New York,30000,277,249,6/8/2020 0:00,55926,3.3,2.3,4.2,2.9,2.3,1,2.73,0,0
1710,Backers,Equity - Common,Las Vegas,Nevada,0,66,249,6/8/2020 0:00,55772,2.5,2.5,4.6,1,1.8,2.5,2.6,0,0
1713,West 32 Soju,Equity - Common,Fort Pierce,Florida,117189,65,250,6/9/2020 0:00,55936,3.7,2.1,4.2,3.1,3.9,3.1,3.23,0,0
1714,KinectAir,Equity - Common,Vancouver,Washington,3080,277,250,6/10/2020 0:00,56006,3.1,4.8,4.2,2.5,4.8,3.7,3.65,0,0
1722,Stackhouse,Convertible Note,Tucson,Arizona,2600,277,249,6/11/2020 0:00,55892,3.5,3.5,2.9,2.3,3.7,3.7,3.19,0,0
1723,CallingDr,SAFE,Lake Mary,Florida,204513,66,248,6/11/2020 0:00,56024,2.3,3.9,2.9,4.4,4.6,3.7,3.44,0,0
1727,Jinglz,Equity - Common,Boynton Beach,Florida,14351,277,250,6/11/2020 0:00,55788,1.4,4.6,4.6,3.9,4.8,3.1,3.53,0,0
1728,Atlis Motor Vehicles,Equity - Common,null,null,null,0,0,5/4/2020 0:00,16566,1,4.8,2.9,1.4,2.3,3.9,2.81,0,0
1729,Aera,SAFE,New York,New York,63353,277,250,6/12/2020 0:00,55884,3.5,3.5,4.6,3.5,4.8,2.5,3.53,0,0
1737,Yonder Global,Equity - Common,Hamilton,Montana,0,66,250,6/12/2020 0:00,55958,1.4,2.7,2.3,3.5,1.8,3.1,2.6,0,0
1738,TruckBux,Convertible Note,Yardley,Pennsylvania,12532,277,250,6/12/2020 0:00,56070,3.7,1.8,1.8,2.5,1.8,3.1,2.6,0,0
1739,TaskCause,SAFE,Milwaukee,Wisconsin,0,277,250,6/12/2020 0:00,55878,4.8,2.5,2.9,1,3.1,3.7,2.98,0,0
1740,misterb&b,Convertible Note,San Francisco,California,2819939,277,248,6/12/2020 0:00,55550,1.2,4.8,3.9,5,5,3.7,3.74,0,0
1741,EVwinCO,Equity - Common,Denver,Colorado,0,65,249,6/15/2020 0:00,31526,5,1,1.8,1,1.2,2.5,2.26,0,0
1742,nedl,Convertible Note,Santa Monica,California,540,277,250,6/15/2020 0:00,55993,4.2,1,4.6,3.1,2.5,1,2.77,0,0
1743,3D Houdini,SAFE,Lynnwood,Washington,37,66,250,6/15/2020 0:00,55976,5,2.7,1.4,1,2.1,3.1,2.64,0,0
1744,Apotheka,Equity - Common,Beverly Hills,California,0,66,250,6/15/2020 0:00,55763,3.1,4.6,2.9,1,2.1,1.6,2.64,0,0
1745,Digifox,SAFE,Glen Allen,Virginia,0,66,250,6/15/2020 0:00,55983,1.4,3.3,1.8,1,1.4,4.2,2.35,0,0
1749,Vestaboard,Equity - Preferred,San Francisco,California,4950,277,250,6/16/2020 0:00,55773,2.3,2.9,3.5,2.5,2.7,3.1,2.85,0,0
1752,Nada,SAFE,Miami,Florida,203097,66,250,6/17/2020 0:00,55461,2.3,3.5,3.9,3.7,4.2,3.1,3.32,0,0
1753,Radix Motion,SAFE,San Francisco,California,0,66,250,6/18/2020 0:00,55653,4.2,1.8,2.1,1,2.1,4.2,2.64,0,0
1754,Kingmakers Ops,SAFE,Seattle,Washington,0,277,250,6/18/2020 0:00,55994,3.1,3.5,4.8,1,2.5,1.6,2.81,0,0
1755,GrapeStars,SAFE,Miami,Florida,0,66,250,6/18/2020 0:00,56013,1.8,3.9,2.7,1,2.3,4.2,2.73,0,0
1757,AllTheBelts,Equity - Common,Oakland,California,112,277,250,6/19/2020 0:00,55448,4.8,1.2,4.2,1,2.7,3.1,2.85,0,0
1758,Darbly Entertainment,Equity - Common,Houston,Texas,0,65,250,6/19/2020 0:00,55688,5,4.4,1,1,1.8,1.2,2.52,0,0
1759,Sigma Auto Capital,Equity - Preferred,Oakland Park,Florida,0,65,250,6/19/2020 0:00,55689,3.3,4.4,3.9,1,2.3,1,2.73,0,0
1760,Valhalla Esports Lounge,SAFE,Houston,Texas,191986,277,250,6/19/2020 0:00,56014,2.7,1.2,1.6,4.2,1.6,2.5,2.43,0,0
1761,Swap Your Time,SAFE,Minneapolis,Minnesota,0,66,250,6/19/2020 0:00,55671,4.6,3.3,1.6,1,2.7,3.7,2.85,0,0
1762,HelloWoofy,SAFE,New York,New York,135000,66,250,6/19/2020 0:00,55885,2.7,3.1,3.7,3.3,4.4,4.2,3.4,0,0
1763,Lunchwale,Equity - Common,Frisco,Texas,70877,277,250,6/19/2020 0:00,55690,2.7,1.2,1.4,3.1,1.6,3.7,2.43,0,0
1766,ZenSpace,Equity - Common,San Jose,California,150175,277,250,6/19/2020 0:00,55641,1.8,1.4,1.8,3.3,1.6,3.7,2.43,0,0
1767,Connection Publishing,Equity - Common,North Odgen,Utah,305370,65,250,6/22/2020 0:00,55896,4.6,1,3.9,3.5,3.9,3.1,3.23,0,0
1768,VasoGnosis,Convertible Note,Milwaukee,Wisconsin,71755,277,250,6/22/2020 0:00,56065,4.4,1.4,1.4,3.1,3.3,4.8,3.02,0,0
1770,Payroll4Free.com,Equity - Common,Beachwood,Ohio,140543,277,250,6/22/2020 0:00,55520,2.1,1.4,4.4,3.3,2.3,2.5,2.73,0,0
1772,At Ease Rentals,Convertible Note,Round Rock,Texas,0,277,250,6/22/2020 0:00,55852,4.2,4.4,1.8,1,3.5,4.2,3.11,0,0
1775,SapientX,Equity - Preferred,Santa Cruz,California,530,277,248,6/23/2020 0:00,55567,2.7,2.5,5,2.9,4.6,4.2,3.44,0,0
1776,Fancy.com,Convertible Note,San Diego,California,5065469,66,249,6/24/2020 0:00,55952,2.3,5,3.7,4.4,4.2,1.2,3.32,0,0
1777,Saucy Brew Works,Equity - Common,Cleveland,Ohio,2954555,277,250,6/24/2020 0:00,55735,1,3.5,3.5,4.4,2.3,1.2,2.73,0,0
1778,Kiddie Kredit,Convertible Note,Miami,Florida,0,66,250,6/25/2020 0:00,56021,4.8,1.8,1.8,1,1.4,2.5,2.39,0,0
1779,Strengths,Equity - Common,Provo,Utah,490404,277,250,6/25/2020 0:00,55966,1.6,4.2,4.8,3.7,5,4.2,3.69,0,0
1780,Streamlytics,Equity - Common,Culver City,California,0,66,250,6/25/2020 0:00,56008,1.4,5,3.3,1,3.1,4.2,2.98,0,0
1781,ChangeRoots,SAFE,Washington,District of Columbia,206,66,250,6/26/2020 0:00,56114,3.3,3.9,1,1,2.3,4.2,2.68,0,0
1782,Solstar Space Company,SAFE,Santa Fe,New Mexico,0,66,250,6/26/2020 0:00,55774,2.7,4.2,4.2,1,4.4,5,3.4,0,0
1783,GroGuru,Convertible Note,La Jolla,California,674113,66,248,6/26/2020 0:00,56066,2.9,2.7,2.9,5,4.8,4.2,3.53,0,0
1784,Como Audio,Equity - Common,Boston,Massachusetts,1445071,277,250,6/26/2020 0:00,55736,2.1,2.3,5,5,5,4.2,3.69,0,0
1788,CodeCombat,Equity - Preferred,San Francisco,California,2014919,66,247,6/29/2020 0:00,56055,1.2,2.7,4.2,5,3.5,2.5,3.11,0,0
1789,Macro Snacks,Equity - Common,Charlotte,North Carolina,100000,277,248,6/29/2020 0:00,55961,3.5,4.6,2.1,3.1,3.9,3.1,3.27,0,0
1790,Chareau,Equity - Common,Camarillo,California,1071265,277,250,6/29/2020 0:00,55902,1.8,4.2,1.4,4.8,2.5,1.6,2.77,0,0
1791,Ghost Flower,Equity - Preferred,Houston,Texas,70314,65,250,6/30/2020 0:00,55977,5,3.7,2.1,3.1,4.4,3.1,3.4,0,0
1792,Tapville Franchising,Equity - Common,Naperville,Illinois,6684,277,250,6/30/2020 0:00,55622,3.7,3.5,3.1,2.5,3.7,3.1,3.19,0,0
1793,Innovative Eyewear,Equity - Common,North Miami,Florida,0,277,250,6/30/2020 0:00,55623,4.2,2.7,2.1,1,2.9,4.8,2.94,0,0
1795,Love The Network,Equity - Preferred,Portland,Maine,95,277,250,7/1/2020 0:00,55997,5,2.1,1,1,1.8,3.7,2.56,0,0
1796,Pawlytics,Convertible Note,Lincoln,Nebraska,34668,277,248,7/1/2020 0:00,56003,4.8,2.5,2.9,2.9,4.6,4.2,3.44,0,0
1797,Better Family,Equity - Common,Dunnellon,Florida,41839,277,250,7/1/2020 0:00,55647,3.5,4.8,1,2.9,3.3,3.1,3.06,0,0
1798,AsomBroso Tequila,Equity - Common,Rancho Santa Margarita,California,1373784,277,248,7/1/2020 0:00,55998,1.2,3.3,4.6,4.2,4.4,3.7,3.4,0,0
1799,Petpal,Convertible Note,Los Altos,California,138389,277,250,7/1/2020 0:00,55691,4.4,1.4,1.8,3.3,2.5,3.1,2.81,0,0
1801,ABii by Van Robotics,Equity - Common,Columbia,South Carolina,0,277,250,7/2/2020 0:00,55592,1.4,2.7,2.5,1,1.6,4.8,2.47,0,0
1803,ChipMonk Baking,Convertible Note,Houston,Texas,70143,277,250,7/2/2020 0:00,56040,4.6,4.4,1.4,3.1,3.7,2.5,3.19,0,0
1804,Oscilla Power,Convertible Note,Seattle,Washington,0,66,248,7/2/2020 0:00,55925,2.1,4.2,3.9,1,3.9,5,3.23,0,0
1805,Car Savior,Convertible Note,Austin,Texas,0,277,250,7/2/2020 0:00,56057,4.4,4.4,2.7,1,2.9,2.1,2.89,0,0
1806,Spring Rock Holdings,Equity - Common,Albuquerque,New Mexico,0,277,250,7/2/2020 0:00,55985,4.8,5,1,1,2.7,2.5,2.85,0,0
1807,Unique Beauty Supply,Equity - Common,Broussard,Louisiana,0,65,250,7/3/2020 0:00,55462,4.8,1,1.4,1,1,1,1.84,0,0
1808,MOXI,SAFE,New York,New York,0,277,250,7/3/2020 0:00,55521,3.5,3.5,3.1,2.5,4.6,4.8,3.48,0,0
1809,Nyoobe,SAFE,Jacksonville,Florida,0,277,250,7/3/2020 0:00,55953,1.8,3.5,1.8,1,1.2,2.5,2.14,0,0
1810,CoPeace,Equity - Preferred,Denver,Colorado,0,277,249,7/3/2020 0:00,55764,1.2,2.1,1.8,3.3,1,1.6,2.01,0,0
1811,OneCare,Convertible Note,Batesville,Indiana,0,66,250,7/3/2020 0:00,55954,1.6,3.5,5,3.5,4.8,4.2,3.57,0,0
1813,Element Apothec,Convertible Note,Woodland Hills,California,0,277,250,7/6/2020 0:00,55701,4.4,4.4,2.3,1,2.1,1.2,2.64,0,0
1815,Dollaride,SAFE,Brooklyn,New York,102000,66,248,7/7/2020 0:00,55875,3.1,4.8,1.4,3.1,3.1,2.5,2.98,0,0
1816,Creative 3D Technologies,Convertible Note,Austin,Texas,0,277,250,7/7/2020 0:00,55810,4.2,4.2,2.7,1,2.5,1.8,2.77,0,0
1820,Fog & Tree,Convertible Note,San Francisco,California,0,66,250,7/8/2020 0:00,55627,4.8,2.1,4.2,1,3.7,3.7,3.15,0,0
1824,Enhanced Potential Holdings,Equity - Common,Port St. Lucie,Florida,0,277,250,7/9/2020 0:00,56098,5,2.3,2.9,1,1.8,1.6,2.56,0,0
1826,Basement Sports,SAFE,Jersey City,New Jersey,0,277,249,7/10/2020 0:00,55955,1.8,3.3,5,1,3.5,4.2,3.06,0,0
1827,DIEMlife,SAFE,New York,New York,160634,277,250,7/10/2020 0:00,55463,3.5,2.9,3.5,3.3,2.7,1,2.85,0,0
1829,Persona,Equity - Common,San Francisco,California,116285,66,250,7/13/2020 0:00,55886,3.3,1.6,3.5,3.1,2.3,2.1,2.73,0,0
1830,Beanstox,Equity - Common,Boston,Massachusetts,32243,277,250,7/13/2020 0:00,55978,1.6,3.7,3.1,2.9,1.6,1,2.47,0,0
1832,Borrow,SAFE,West Hollywood,California,432696,66,250,7/13/2020 0:00,55940,2.3,2.9,4.2,4.6,4.8,4.2,3.61,0,0
1833,Brass Clothing,SAFE,Boston,Massachusetts,2489023,277,250,7/13/2020 0:00,55865,4.2,4.2,3.3,4.8,4.6,1,3.48,0,0
1834,Eruditely,SAFE,North Bend,Washington,0,66,250,7/14/2020 0:00,56023,4.2,4.2,3.3,1,2.5,1.2,2.77,0,0
1835,Neighborhood Sun,SAFE,Silver Spring,Maryland,727696,277,247,7/14/2020 0:00,55792,1.8,3.3,4.6,5,5,4.8,3.91,0,0
1837,InfiniteVR,Equity - Preferred,Astoria,New York,1078150,277,250,7/15/2020 0:00,56002,3.7,1.6,2.1,3.9,2.1,1.8,2.64,0,0
1838,Unomi,Convertible Note,Venice,California,2551,277,250,7/15/2020 0:00,56025,4.2,2.3,4.8,2.9,3.3,1.2,3.06,0,0
1839,Hidrent,SAFE,Celina,Texas,22059,277,250,7/15/2020 0:00,55710,4.6,4.6,1.8,2.7,3.9,2.5,3.23,0,0
1843,Immersed,SAFE,Austin,Texas,6015.33,66,250,7/16/2020 0:00,56068,2.3,4.6,2.1,3.9,2.9,1.6,2.89,0,0
1845,LiveWell Assisted Living,Equity - Common,Chapel Hill,North Carolina,1893000,65,250,7/16/2020 0:00,16838,2.9,1.4,4.2,3.9,1.8,1,2.68,0,0
1846,Fire Grounds Coffee,Equity - Common,Dallas,Texas,30576,65,250,7/16/2020 0:00,55464,5,2.7,1.2,2.9,2.5,2.1,2.77,0,0
1847,Skywide Real Estate,Equity - Common,Philadelphia,Pennsylvania,0,65,250,7/17/2020 0:00,31988,5,1,2.1,1,1,1,2.01,0,0
1848,Takezo,SAFE,Portland,Oregon,0,66,250,7/17/2020 0:00,55879,4.2,2.5,4.8,1,3.9,3.7,3.23,0,0
1849,Makeba,Equity - Common,New York,New York,0,66,250,7/17/2020 0:00,55946,1.2,3.9,5,3.1,4.6,4.2,3.48,0,0
1850,Do Only Good Certified Pet Nutrition,Equity - Preferred,Westlake Village,California,187334,277,250,7/17/2020 0:00,55880,4.8,2.5,3.7,3.7,3.7,1,3.15,0,0
1851,SAM Email by Airto,Equity - Common,Manhattan,New York,48140,277,248,7/17/2020 0:00,55572,1.4,3.1,2.9,3.3,2.9,3.7,2.89,0,0
1852,Barrana Corp,Equity - Common,Surprise,Arizona,9449000,65,250,7/17/2020 0:00,55789,1.4,2.9,2.9,4.4,1.6,1,2.52,0,0
1855,MyTable,Equity - Common,West Roxbury,Massachusetts,2095,277,250,7/20/2020 0:00,56009,3.9,1.6,1.2,2.5,1.2,2.1,2.26,0,0
1856,Buy Back Baton Rouge,Equity - Common,Baton Rouge,Louisiana,0,65,250,7/20/2020 0:00,55971,4.6,1.2,4.8,1,3.7,4.2,3.15,0,0
1858,Heroclip,Equity - Preferred,Seattle,Washington,2022457,277,250,7/20/2020 0:00,56015,3.7,1,3.3,4.8,3.1,2.1,2.98,0,0
1859,Bext360,Convertible Note,Golden,Colorado,335140,277,248,7/20/2020 0:00,56011,3.1,4.2,3.1,5,4.8,2.5,3.57,0,0
1861,Lend-Grow,Convertible Note,Reston,Virginia,10000,277,250,7/20/2020 0:00,55967,2.3,3.9,2.1,2.5,2.1,2.5,2.64,0,0
1862,Alive Music Festival,Equity - Common,Massillon,Ohio,1094805,65,250,7/20/2020 0:00,55775,3.5,1.8,5,3.9,3.5,1.2,3.11,0,0
1863,La Fayette Franchise,Equity - Common,Miami,Florida,0,277,250,7/20/2020 0:00,55662,3.5,3.9,2.9,1,1.8,1.2,2.52,0,0
1864,GenesisAI,Equity - Common,Cambridge,Massachusetts,0,66,250,7/20/2020 0:00,55776,1.8,4.8,2.9,3.9,3.5,2.1,3.11,0,0
1865,Choose Health,SAFE,Austin,Texas,7418,277,250,7/21/2020 0:00,55757,3.7,2.7,4.2,2.5,4.6,4.2,3.44,0,0
1866,Knack,Equity - Common,Barrington,Rhode Island,686288,277,250,7/21/2020 0:00,55793,2.9,2.5,5,3.9,3.9,1.8,3.23,0,0
1868,Procurement Foundry,Convertible Note,Fairhaven,Massachusetts,0,277,249,7/21/2020 0:00,56010,4.8,1.4,4.6,1,2.5,2.1,2.77,0,0
1869,Drop Technologies,Equity - Common,Venice,California,24893,277,250,7/22/2020 0:00,55450,2.5,3.5,1.8,2.7,2.7,3.7,2.85,0,0
1870,BlissDivorce,SAFE,Los Altos,California,0,277,250,7/22/2020 0:00,55843,2.7,3.9,1.2,1,1.8,4.2,2.6,0,0
1871,CONBODY,SAFE,New York,New York,266124,65,250,7/22/2020 0:00,55928,4.8,3.7,2.9,3.5,3.9,1.2,3.23,0,0
1873,AtYourGate,Equity - Preferred,Ladera Ranch,California,199091,277,249,7/23/2020 0:00,55748,1,4.4,5,3.3,4.6,3.7,3.48,0,0
1876,Brightest,SAFE,New York,New York,3406,277,250,7/23/2020 0:00,56036,4.6,2.5,1.4,2.5,1.6,1,2.39,0,0
1878,Dr Strains,Convertible Note,Orlando,Florida,239646,65,250,7/24/2020 0:00,55973,3.1,2.3,1.4,3.5,2.3,3.1,2.68,0,0
1879,audiobridge,SAFE,Walnut Creek,California,619,277,250,7/24/2020 0:00,55692,3.1,4.2,3.5,2.9,3.9,2.5,3.23,0,0
1880,Procertas,SAFE,Mount Pleasant,South Carolina,202356,277,250,7/27/2020 0:00,55702,2.7,3.3,2.7,3.3,2.1,1.2,2.64,0,0
1882,KapitalWise,Equity - Common,New York,New York,79000,277,248,7/27/2020 0:00,55642,1.6,4.6,2.9,3.7,3.7,3.1,3.19,0,0
1886,Stark Therapeutics,SAFE,Carlsbad,California,0,277,249,7/28/2020 0:00,55518,3.3,5,1.4,1,1.6,1.6,2.47,0,0
1887,Where’s The Foodtruck,SAFE,Henderson,Nevada,125740,277,250,7/29/2020 0:00,55531,4.8,1.8,2.9,3.3,2.5,1.2,2.81,0,0
1888,Pristeem,SAFE,New York,New York,10000,277,248,7/29/2020 0:00,55626,3.1,4.4,1.4,2.5,2.9,3.1,2.89,0,0
1889,BARU,SAFE,Elyria,Ohio,0,277,250,7/29/2020 0:00,55614,3.7,3.9,2.7,2.9,4.4,3.7,3.4,0,0
1890,Petri Bio,SAFE,Los Angeles,California,null,277,250,7/29/2020 0:00,55893,3.1,2.9,3.9,1,2.9,3.7,2.94,0,0
1891,Soraban,SAFE,Tempe,Arizona,8497,277,250,7/29/2020 0:00,55873,3.7,1,1.4,2.5,1.6,3.7,2.47,0,0
1892,Inventr,SAFE,New York,New York,500,277,250,7/29/2020 0:00,55887,3.3,2.1,2.9,1,2.3,4.2,2.68,0,0
1893,Grapevine,SAFE,San Francisco,California,13747,277,250,7/29/2020 0:00,55922,3.3,2.3,3.9,2.5,4.4,4.8,3.36,0,0
1894,3C Bio,Convertible Note,Los Angeles,California,0,277,249,7/29/2020 0:00,55907,2.7,1.4,4.6,1,1.2,1.6,2.26,0,0
1895,Wingspan Health,SAFE,San Francisco,California,0,66,250,7/29/2020 0:00,55758,3.1,2.9,2.5,1,2.1,3.7,2.64,0,0
1897,Virtudes Labs,Equity - Common,Dallas,Texas,null,65,250,7/29/2020 0:00,55934,3.5,1,1.4,1,1.2,4.2,2.22,0,0
1898,Learnt,Convertible Note,Galveston,Texas,437345,277,250,7/29/2020 0:00,55737,2.7,3.5,2.9,3.7,3.1,2.1,2.98,0,0
1899,Annestes Thoroughbreds,Equity - Common,New York,New York,null,65,250,7/30/2020 0:00,24640,5,1,1.4,1.4,1,1.6,2.09,0,0
1900,LiteraSeed,SAFE,Phoenix,Arizona,0,277,250,7/30/2020 0:00,55579,4.4,3.1,3.3,1,3.5,3.7,3.11,0,0
1901,AP Racing,SAFE,Oakland,California,0,277,250,7/30/2020 0:00,55506,4.2,3.3,2.5,1,1.6,1.2,2.43,0,0
1902,Gleantap.ai,SAFE,Cedar Park,Texas,740000,277,248,7/30/2020 0:00,55930,3.3,4.6,4.4,4.6,4.8,1.2,3.61,0,0
1904,Sunwarrior,Equity - Common,Washington,Utah,20917315,277,248,7/30/2020 0:00,55830,1,4.4,5,4.4,3.9,1.6,3.27,0,0
1905,BioCurity Pharmaceuticals,Equity - Preferred,Jupiter,Florida,0,277,250,7/30/2020 0:00,55615,1,4.4,3.7,1,2.5,3.7,2.77,0,0
1908,G-Cloud Limited,Equity - Common,New York,New York,0,277,249,7/31/2020 0:00,55947,4.4,5,1,1,1.8,1.2,2.52,0,0
1909,CityFreighter,SAFE,Santa Barbara,California,0,277,250,7/31/2020 0:00,55660,3.1,5,4.4,3.1,5,3.7,3.86,0,0
1910,Rad Intelligence,SAFE,Santa Monica,California,672189,66,250,7/31/2020 0:00,56016,3.5,4.4,3.5,4.8,4.6,1.2,3.48,0,0
1911,Detroit City Football Club,Equity - Common,Detroit,Michigan,1561537,65,250,7/31/2020 0:00,55931,2.1,1.4,2.1,5,3.3,4.8,3.06,0,0
1912,mcSquares,Equity - Common,Denver,Colorado,610697,65,250,7/31/2020 0:00,55844,1.8,1.8,5,3.7,3.5,3.1,3.11,0,0
1913,PuffCuff,SAFE,Marietta,Georgia,1997203,65,250,7/31/2020 0:00,55820,3.7,2.1,4.8,4.2,5,5,3.95,0,0
1915,Engiven,Equity - Preferred,Escondido,California,825,66,250,8/3/2020 0:00,56000,3.5,2.7,4.8,2.3,4.6,4.2,3.48,0,0
1916,CallTheOne,SAFE,Menlo Park,California,0,277,250,8/3/2020 0:00,55979,4.2,1.8,4.8,1,2.7,2.5,2.85,0,0
1917,Treefort Music Fest,Equity - Preferred,Boise,Idaho,1897601,65,250,8/3/2020 0:00,55602,1.4,1,2.7,4.2,1.2,1.2,2.09,0,0
1918,Vivoo,SAFE,San Francisco,California,22099,66,248,8/3/2020 0:00,55900,1.8,3.7,1.6,4.4,3.7,4.2,3.15,0,0
1919,Levered Learning,SAFE,Soquel,California,96694.14,66,248,8/3/2020 0:00,55888,2.3,3.3,3.9,3.1,3.9,3.7,3.27,0,0
1920,Ryca Motors,Equity - Common,Santa Fe Springs,California,162337,277,250,8/3/2020 0:00,55711,3.5,3.7,4.6,3.3,5,4.8,3.99,0,0
1921,Univoice,Equity - Preferred,Austin,Texas,0,277,248,8/4/2020 0:00,55881,3.5,1.4,2.5,3.1,2.9,4.2,2.94,0,0
1923,Wind Craft Aviation,Convertible Note,Lowell,Michigan,0,277,250,8/4/2020 0:00,55866,1.8,2.3,2.1,1,1.4,4.8,2.39,0,0
1925,fetch! Dog Treats,Equity - Common,Cheektowaga,New York,160292,65,250,8/5/2020 0:00,55634,5,3.9,1,3.3,2.7,1,2.85,0,0
1927,GoBe,SAFE,Raleigh,North Carolina,660000,65,250,8/6/2020 0:00,55937,4.4,3.9,1.2,3.9,3.5,2.1,3.11,0,0
1928,Leo AR by MojiLala,Convertible Note,Cupertino,California,65000,66,250,8/6/2020 0:00,55684,1.6,4.6,3.1,4.8,4.6,3.1,3.44,0,0
1929,Legion M,Equity - Common,Los Angeles,California,645565,277,247,8/7/2020 0:00,55777,1,2.5,4.8,4.8,3.1,1.8,2.98,0,0
1931,Consumer Cooperative Group,Equity - Common,Austin,Texas,0,277,250,8/7/2020 0:00,55845,5,1.4,5,1,2.3,1.2,2.73,0,0
1932,Geijer Spirits,Convertible Note,San Francisco,California,91077,65,250,8/7/2020 0:00,55956,3.7,2.1,3.3,3.1,2.5,1.6,2.77,0,0
1933,UpLyft,Convertible Note,San Diego,California,0,277,248,8/7/2020 0:00,55821,3.3,4.6,5,1,5,5,3.78,0,0
1939,Ollie Gray,Equity - Preferred,Charlotte,North Carolina,718227,277,6163,8/10/2020 0:00,56001,3.5,4.4,3.9,3.9,4.8,2.1,3.57,0,0
1940,AlphaFlow,SAFE,San Francisco,California,922174,66,250,8/10/2020 0:00,55938,1,5,2.3,5,3.9,3.1,3.27,0,0
1941,SwipeBy,SAFE,Winston-Salem,North Carolina,4569,277,250,8/11/2020 0:00,55948,1.8,2.1,2.1,3.7,1.4,2.1,2.35,0,0
1942,Kiwibot,SAFE,Berkeley,California,279301.69,277,247,8/11/2020 0:00,55808,1.2,2.7,3.5,4.4,4.2,4.8,3.32,0,0
1944,Scuti,Equity - Common,West Palm Beach,Florida,0,277,6163,8/12/2020 0:00,55995,1.4,2.5,4.8,1,2.5,4.2,2.77,0,0
1945,festivalPass,Equity - Common,New York,New York,1183.89,277,250,8/12/2020 0:00,55874,1.8,3.7,4.4,4.6,5,4.8,3.86,0,0
1946,Signature Lacrosse,Equity - Common,Tampa,Florida,2356337,277,248,8/13/2020 0:00,55932,2.3,1.6,2.5,4.4,3.1,4.2,2.98,0,0
1948,Kombucha Town,Convertible Note,Bellingham,Washington,1221069,277,250,8/14/2020 0:00,55804,1.6,1,3.5,3.9,2.1,3.1,2.64,0,0
1949,LiveWell Assisted Living,Equity - Common,Chapel Hill,North Carolina,1893000,65,250,8/17/2020 0:00,55703,3.1,1.8,4.4,4.2,2.9,1,2.89,0,0
1951,IPD Products,Convertible Note,Midlothian,Texas,0,277,250,8/17/2020 0:00,55805,4.2,1.6,3.7,1,1.8,2.5,2.6,0,0
1952,Car Savior,Convertible Note,Austin,Texas,227254,277,250,8/17/2020 0:00,55635,4.6,4.4,2.5,3.5,4.4,2.1,3.4,0,0
1953,Eli Electric Vehicles,Convertible Note,Los Angeles,California,2448,277,6163,8/17/2020 0:00,55794,1.6,5,2.7,2.3,2.7,2.5,2.81,0,0
1954,HealtheMed,SAFE,Mendota Heights,Minnesota,0,277,248,8/17/2020 0:00,55853,4.4,2.3,5,1,3.9,3.7,3.27,0,0
1955,Manna,SAFE,Stamford,Connecticut,0,66,6163,8/17/2020 0:00,55859,2.7,1,1.2,1,1,4.2,2.01,0,0
1957,SurelyWell,Equity - Common,Lewes,Delaware,9400000,277,6163,8/18/2020 0:00,55778,1.4,3.3,2.5,4.4,1.6,1,2.52,0,0
1958,IoTeedom,Equity - Common,Pompano Beach,Florida,0,277,250,8/19/2020 0:00,55912,5,1.8,1,1,1.2,2.1,2.18,0,0
1959,Cherry Street Pharmacy,Convertible Note,Tulare,California,0,65,6163,8/19/2020 0:00,55806,2.1,1.2,3.3,1,1,1.8,1.88,0,0
1961,Temple I,Convertible Note,New York,New York,0,65,250,8/20/2020 0:00,55901,5,1,1.8,1,1.2,2.1,2.18,0,0
1962,Boaz Bike,Convertible Note,Detroit,Michigan,36466,277,6163,8/20/2020 0:00,55693,1.6,1.2,2.5,2.9,1.2,2.5,2.14,0,0
1963,ThisWay Global,Convertible Note,Austin,Texas,null,66,248,8/20/2020 0:00,55972,1.4,5,5,3.1,4.8,3.1,3.53,0,0
1964,BBQ in the Park,Equity - Common,Valencia,California,0,65,250,8/20/2020 0:00,55834,4.8,3.3,2.1,1,1.6,1.2,2.47,0,0
1965,ONE ROQ Spirits,Equity - Common,Buffalo,New York,16441,65,250,8/20/2020 0:00,55654,1.2,4.8,1.4,2.5,1.4,1.6,2.31,0,0
1968,OZFund,Convertible Note,Wilmington,Delaware,0,65,250,8/21/2020 0:00,55846,3.7,1,1.8,1,1,1.2,1.76,0,0
1969,KOKORO Spirits,SAFE,San Francisco,California,0,65,250,8/21/2020 0:00,55765,4.6,4.2,1,1,1.4,1,2.35,0,0
1971,No-H2O,Equity - Common,Fort Lauderdale,Florida,886255,277,250,8/24/2020 0:00,55759,1.8,3.3,4.2,3.9,3.1,1.6,2.98,0,0
1972,GolfBoard by Sol Boards,Equity - Common,Bend,Oregon,1486044,277,249,8/24/2020 0:00,55648,1.8,2.9,3.7,4.2,4.4,4.2,3.36,0,0
1973,Harmony Turbines,SAFE,Palmyra,Pennsylvania,0,277,6163,8/24/2020 0:00,55628,4.8,2.7,2.5,1,3.7,4.8,3.15,0,0
1974,Reyets,Convertible Note,Arlington,Virginia,0,277,250,8/24/2020 0:00,55694,4.2,3.7,1.8,1,2.9,3.7,2.89,0,0
1976,Smart Soda Holdings,Equity - Common,Beachwood,Ohio,334032,277,248,8/24/2020 0:00,55889,2.1,2.3,1.4,3.5,2.3,4.2,2.68,0,0
1977,Furry Fortune The Movie,Equity - Common,Sherman Oaks,California,0,277,250,8/24/2020 0:00,55913,5,1.8,5,1,2.5,1,2.77,0,0
1980,COI Energy,SAFE,Tampa,Florida,191935,277,248,8/26/2020 0:00,55526,1.6,2.5,4.4,3.3,3.5,3.7,3.11,0,0
1982,ChipBrain,Equity - Common,Lewes,Delaware,0,277,250,8/27/2020 0:00,55962,4.2,1.8,2.1,1,1.2,1.8,2.18,0,0
1983,Bloomi,SAFE,Oakland,California,62755,277,250,8/27/2020 0:00,55779,3.3,2.1,2.7,2.9,2.3,2.5,2.68,0,0
1987,LockedBrands,Convertible Note,Rockwall,Texas,26392,277,250,8/28/2020 0:00,55695,3.1,2.7,2.5,2.7,2.5,3.1,2.81,0,0
1988,COMMUNITYx,Equity - Common,San Jose,California,0,277,250,8/28/2020 0:00,55898,3.1,2.1,2.9,1,2.1,4.2,2.64,0,0
1989,Capsul,Equity - Common,El Segundo,California,385445.7,277,6163,8/28/2020 0:00,55729,2.5,3.5,3.5,4.2,3.9,2.5,3.23,0,0
1990,SoloQi,Equity - Common,Pembroke Pines,Florida,120000,277,250,8/28/2020 0:00,55629,2.7,2.9,1.8,3.1,2.7,3.7,2.85,0,0
1991,Melanence,Equity - Common,Upland,California,0,277,250,8/28/2020 0:00,55727,3.7,2.5,1.2,1,1.2,2.5,2.18,0,0
1992,Contiq,Equity - Preferred,Sunnyvale,California,325734,66,250,8/31/2020 0:00,56007,2.3,3.1,4.4,5,3.9,1.6,3.27,0,0
1993,Ola Brew,Equity - Common,Kailua Kona,Hawaii,3550667,65,250,8/31/2020 0:00,55903,1.4,5,2.9,4.4,3.1,1.2,2.98,0,0
1995,Kobrelms,Convertible Note,Katy,Texas,0,65,249,8/31/2020 0:00,55630,4.2,5,1.2,1,2.1,1.6,2.6,0,0
1998,Ad Fontes Media,SAFE,Westminister,Colorado,19984.3,277,250,9/1/2020 0:00,55749,3.7,1.6,2.5,2.7,2.3,3.1,2.73,0,0
1999,PharmD Live,Equity - Preferred,District of Columbia,null,0,277,250,9/1/2020 0:00,55532,2.3,2.7,3.9,1,3.1,5,2.98,0,0
2000,Charlala,SAFE,Elmhurst,Illinois,0,277,250,9/1/2020 0:00,55696,5,2.5,3.3,1,3.9,4.2,3.19,0,0
2001,Groomit,SAFE,Yonkers,New York,596470,277,250,9/1/2020 0:00,55637,2.7,3.9,3.3,4.8,5,3.7,3.69,0,0
2002,bspoketv,SAFE,Los Angeles,California,20000,277,6163,9/1/2020 0:00,55780,3.1,3.9,4.6,2.7,4.8,3.7,3.61,0,0
2003,Transparent Path,Equity - Common,Seattle,Washington,3906,66,248,9/1/2020 0:00,55712,4.2,3.3,1.4,2.5,3.3,3.7,3.02,0,0
2004,MF Fire,Equity - Common,Baltimore,Maryland,243807.24,277,250,9/1/2020 0:00,55593,1.8,2.3,2.7,4.6,3.5,4.2,3.11,0,0
2005,Vital Leaf,Convertible Note,Portland,Oregon,0,65,250,9/1/2020 0:00,55697,4.2,4.2,3.3,1,2.5,1.2,2.77,0,0
2006,Hudson Space Systems,Convertible Note,Hoboken,New Jersey,0,277,250,9/1/2020 0:00,55594,4.4,3.9,2.1,1,3.5,4.2,3.11,0,0
2007,HILOS,Convertible Note,Portland,Oregon,0,277,250,9/1/2020 0:00,56012,3.7,5,2.1,1,3.1,3.1,2.98,0,0
2008,Illuminate Labs,Convertible Note,Northampton,Massachusetts,0,277,250,9/1/2020 0:00,56004,4.8,4.4,1.4,1,1.8,1.2,2.56,0,0
2011,SampleServe,Equity - Common,Traverse City,Michigan,93105,277,248,9/2/2020 0:00,55643,2.7,1.2,4.6,3.3,4.4,5,3.36,0,0
2012,Swift Rails,Equity - Preferred,Lancaster,New York,0,277,250,9/3/2020 0:00,55652,2.3,3.5,4.6,1,3.9,5,3.27,0,0
2013,Frame,Convertible Note,Brooklyn,New York,4115,0,6163,9/3/2020 0:00,55963,4.4,5,2.1,2.5,3.7,2.1,3.19,0,0
2014,Renewal Mill,SAFE,San Francisco,California,81152,277,248,9/3/2020 0:00,55894,2.7,3.7,2.1,4.4,3.7,3.1,3.19,0,0
2017,Phat Scooters,Convertible Note,Phoenix,Arizona,2747843.97,277,6163,9/4/2020 0:00,55882,1.2,3.9,2.9,4.4,4.2,4.2,3.32,0,0
2018,FuelGems,SAFE,Austin,Texas,0,66,250,9/4/2020 0:00,55908,2.9,2.7,4.6,1,3.7,4.8,3.19,0,0
2021,UrgentEMS,SAFE,Minden,Louisiana,700,277,250,9/7/2020 0:00,55883,4.8,1,2.1,2.3,1.2,1,2.22,0,0
2022,Moonshot Junior,SAFE,San Jose,California,12137,277,250,9/7/2020 0:00,55533,3.1,3.3,1.4,2.5,1.4,1.2,2.31,0,0
2023,Popshop,SAFE,New York,New York,393275,277,6163,9/7/2020 0:00,55465,2.3,1.4,2.5,3.7,1.8,3.1,2.6,0,0
2024,Gides,SAFE,Summerville,South Carolina,25000,66,250,9/8/2020 0:00,55581,2.7,2.7,3.1,3.1,2.5,2.5,2.81,0,0
2025,Unitonomy,SAFE,Louisville,Kentucky,25000,66,6163,9/8/2020 0:00,55638,3.7,2.7,3.3,2.7,3.5,3.1,3.11,0,0
2026,nSightify,SAFE,Austin,Texas,2184,277,250,9/8/2020 0:00,55636,4.4,2.7,4.4,2.3,4.6,3.7,3.48,0,0
2028,Rhino Hide,Equity - Common,Sagle,Idaho,0,277,250,9/9/2020 0:00,55553,3.1,3.1,1.4,1,1.6,3.7,2.47,0,0
2029,Moku Foods,SAFE,Los Angeles,California,354,65,250,9/9/2020 0:00,55595,2.9,1,1.2,1,1,3.1,1.84,0,0
2030,Ron Artesano,SAFE,Juyaya,Puerto Rico,null,277,250,9/10/2020 0:00,55860,4.8,2.1,1.6,1,1.2,1,2.09,0,0
2031,Ionica Sciences,Convertible Note,Ithaca,New York,0,277,248,9/10/2020 0:00,55933,3.7,2.7,4.4,4.4,5,4.2,3.86,0,0
2032,Juked,SAFE,San Francisco,California,0,66,248,9/10/2020 0:00,55466,2.5,3.5,4.4,1,2.9,3.1,2.89,0,0
2033,Roostar Factory,Debt,Houston,Texas,1729845.08,65,250,9/10/2020 0:00,35140,5,1,2.9,4.2,2.9,1.4,2.89,0,0
2034,LifeDNA,Convertible Note,Honolulu,Hawaii,0,66,248,9/10/2020 0:00,55974,2.7,1,1.8,1,1,3.1,1.93,0,0
2035,Tiro,SAFE,New York,New York,0,66,250,9/11/2020 0:00,55596,4.6,1.2,3.5,1,1.8,2.5,2.56,0,0
2036,Mayfield Athletics,SAFE,Shelby Township,Michigan,55280,277,250,9/11/2020 0:00,55610,3.1,1,2.7,4.8,3.7,4.2,3.15,0,0
2037,Smart Tire Recycling,Equity - Preferred,Pittsburgh,Pennsylvania,0,277,250,9/11/2020 0:00,55876,4.6,1.6,3.5,1,1.6,1.6,2.47,0,0
2039,Guac,Equity - Common,Irvine,California,0,277,250,9/11/2020 0:00,55449,3.3,1.2,1.8,1,1,2.5,1.97,0,0
2040,AquaBoy,Equity - Common,Cooper City,Florida,223134,277,250,9/11/2020 0:00,55534,2.3,1.8,4.6,3.5,3.7,3.7,3.19,0,0
2041,Dare,Convertible Note,Venice,California,0,277,250,9/11/2020 0:00,55861,4.2,1.2,1.4,1,1,2.5,2.05,0,0
2042,Skywide Real Estate,Equity - Common,Philadelphia,Pennsylvania,0,65,250,9/14/2020 0:00,31531,5,1,2.1,1,1,1,2.01,0,0
2043,SportBLX/ PJ Washington,Equity - Preferred,New York,New York,null,277,249,9/14/2020 0:00,23694,5,1,1.4,1.4,1.4,3.1,2.39,0,0
2044,Tapa,SAFE,Herndon,Virginia,123833,66,6163,9/15/2020 0:00,55781,3.1,2.7,5,3.1,3.7,2.1,3.19,0,0
2045,18.21 Drinks,SAFE,Wilmington,Delaware,1033820,277,248,9/15/2020 0:00,55856,2.3,1.6,2.7,3.9,1.2,1,2.31,0,0
2046,Roux,Revenue Share Note,Williston,North Dakota,null,65,250,9/15/2020 0:00,35299,5,1,2.5,1,1.4,2.3,2.35,0,0
2047,Wellness for Humanity,Revenue Share Note,Atlanta,Georgia,null,277,0,9/15/2020 0:00,55981,5,1,2.1,1,1,1.2,2.05,0,0
2048,Love Sun Body,Equity - Common,West Orange,New Jersey,165785,277,250,9/15/2020 0:00,55522,1.2,1.2,3.7,4.6,1.4,1,2.35,0,0
2049,Brownrigg Hard Cider,Revenue Share,Seattle,Washington,104722.71,65,250,9/16/2020 0:00,35185,5,1,2.1,3.1,2.7,3.1,2.85,0,0
2050,Top Shelf Cookies,Revenue Share Note,Dorchester,Massachusetts,0,65,250,9/16/2020 0:00,35258,5,1,2.9,1,1.6,2.5,2.47,0,0
2051,Edly ISA Marketplace,Convertible Note,Briarcliff Manor,New York,336079,277,250,9/16/2020 0:00,55835,1.8,4.4,5,3.5,4.6,2.5,3.44,0,0
2052,Blended Sense,SAFE,Austin,Texas,40002,66,6163,9/16/2020 0:00,55895,4.2,2.1,1.4,2.9,1.8,2.5,2.6,0,0
2053,Quim,SAFE,San Francisco,California,201219,277,250,9/16/2020 0:00,55738,2.7,1,2.5,4.8,2.5,3.1,2.81,0,0
2054,TrippBio,Equity - Common,Jacksonville,Florida,0,277,250,9/16/2020 0:00,55713,3.3,1.2,4.6,1,1.6,2.1,2.43,0,0
2058,AltoIRA,SAFE,Nashville,Tennessee,78574,66,250,9/17/2020 0:00,55949,1.2,2.1,3.7,4.8,2.5,2.1,2.77,0,0
2059,Wayzn,SAFE,Sunnyvale,California,310000,277,250,9/17/2020 0:00,55847,1.6,2.3,2.9,3.9,3.1,4.2,2.98,0,0
2060,Statum Systems,Equity - Common,Natick,Massachusetts,null,66,6163,9/17/2020 0:00,55848,3.5,2.5,2.9,1,2.3,3.7,2.73,0,0
2061,ReGrained,Equity - Preferred,Berkeley,California,359432,277,248,9/17/2020 0:00,55890,1.6,4.2,3.3,4.4,4.8,4.2,3.53,0,0
2062,Cyber Dive,Equity - Common,Mesa,Arizona,0,277,250,9/18/2020 0:00,55840,1.4,1.4,1.6,1,1,3.7,1.84,0,0
2063,Audios,SAFE,Atlanta,Georgia,0,277,6163,9/18/2020 0:00,55655,3.1,2.9,4.6,2.3,4.8,4.8,3.53,0,0
2066,Mosquito Steve,Equity - Common,Dallas,Texas,null,65,250,9/21/2020 0:00,55750,5,1.2,3.5,1,1.6,1.8,2.52,0,0
2067,PDX FC,Equity - Preferred,Portland,Oregon,11457,65,250,9/21/2020 0:00,55795,5,1.2,2.9,2.5,1.6,1,2.52,0,0
2069,Solgaard,Equity - Common,New York,New York,2981927,277,6163,9/22/2020 0:00,55559,1.2,2.3,2.5,4.4,2.3,3.1,2.68,0,0
2070,O2 Treehouse,Equity - Common,Alameda,California,462596,65,6163,9/23/2020 0:00,55560,2.3,1,4.4,3.7,3.5,4.2,3.11,0,0
2071,AlwaysNear TeleHealth,SAFE,The Villages,Florida,0,277,250,9/23/2020 0:00,55722,3.7,1.4,3.3,1,2.1,3.7,2.64,0,0
2072,Swingman Thoroughbred,Equity - Common,New York,New York,null,65,250,9/24/2020 0:00,23614,5,1,1.4,1.4,1,1.6,2.09,0,0
2074,EncrypGen,Convertible Note,Pompano Beach,Florida,271186,277,250,9/24/2020 0:00,55753,3.7,2.1,1.8,4.8,3.9,3.7,3.23,0,0
2075,Yerbae,Equity - Common,Scottsdale,Arizona,3610897,277,248,9/25/2020 0:00,55555,1,4.6,3.5,4.8,4.4,3.1,3.4,0,0
2076,Pit Boss,Debt,Atlanta,Georgia,3094036,65,250,9/25/2020 0:00,35260,5,1.2,3.9,4.4,4.4,2.3,3.36,0,0
2077,GroundLion Brewing Company,Revenue Share Note,Seagrove,North Carolina,0,65,250,9/25/2020 0:00,35203,5,1,3.9,1,2.1,2.3,2.64,0,0
2078,Ratio,SAFE,Portland,Oregon,672565,277,6163,9/25/2020 0:00,55704,3.7,1.2,4.2,3.9,4.4,3.7,3.36,0,0
2079,Vymedic,Equity - Common,Englewood,Colorado,0,277,250,9/25/2020 0:00,55730,1.4,1,3.9,1,1.6,5,2.47,0,0
2082,Just Pour,Equity - Common,Bridgewater,Massachusetts,16500,277,250,9/28/2020 0:00,55790,4.8,1.2,1.4,2.7,1.4,1.8,2.39,0,0
2083,Coda Music,SAFE,Lake Worth Beach,Florida,null,66,250,9/28/2020 0:00,55796,3.1,1.8,3.9,3.1,2.9,2.5,2.89,0,0
2084,Big Chief Brewing,Revenue Share Note,Horsham,Pennsylvania,0,65,250,9/29/2020 0:00,35204,5,1,3.7,1,1.8,2.3,2.6,0,0
2085,Zenus,Equity - Common,Austin,Texas,55383,66,6163,9/29/2020 0:00,55544,2.3,3.3,2.3,4.2,4.4,4.8,3.36,0,0
2086,"Rockin’ Pets, Rollin’ Pets",Convertible Note,Houston,Texas,1500000,277,248,9/29/2020 0:00,55899,4.2,3.1,4.8,4.2,5,3.1,3.86,0,0
2087,Caribbean Smooth Ou-Oui!,Convertible Note,Atlanta,Georgia,33744,65,250,9/29/2020 0:00,55797,3.7,1,2.7,2.9,1.4,1.6,2.39,0,0
2088,Lombardi’s Foods,Convertible Note,Sheridan,Wyoming,0,65,250,9/29/2020 0:00,55523,4.2,1.2,1.2,1,1,1.2,1.76,0,0
2089,Sister Sunflower,Debt,Philadelphia,Pennsylvania,0,65,250,9/30/2020 0:00,35302,5,1,1.2,1,1.2,2.5,2.14,0,0
2090,NJ Teamsters Football Club,Equity - Preferred,Bayonne,New Jersey,29492.24,65,250,9/30/2020 0:00,55798,4.4,1.4,2.1,2.9,1.4,1,2.35,0,0
2091,VirZOOM,SAFE,Cambridge,Massachusetts,219279,277,6163,9/30/2020 0:00,55905,1.6,1.6,4.6,4.8,4.4,4.2,3.36,0,0
2092,Z0Cal,Equity - Common,Huntington Beach,California,0,277,6163,9/30/2020 0:00,55897,3.9,2.5,3.9,1,1.8,1.6,2.6,0,0
2093,Rayton,Equity - Common,Van Nuys,California,0,277,250,9/30/2020 0:00,55723,1,1.2,2.9,4.4,2.7,4.8,2.85,0,0
2094,Willow Creek Brewing,Revenue Share Note,Reading,Pennsylvania,0,65,250,9/30/2020 0:00,35206,5,1,5,1,2.7,2.3,2.85,0,0
2095,White Elk Tea Company,Revenue Share Note,Manassas,Virginia,0,65,250,9/30/2020 0:00,35207,5,1,1.2,1,1.2,3.1,2.26,0,0
2096,MARUX,SAFE,Detroit,Michigan,null,277,250,10/1/2020 0:00,55524,4.2,2.5,2.7,1,2.5,3.7,2.81,0,0
2097,AfterrHome,Revenue Share,Baltimore,Maryland,0,277,250,10/1/2020 0:00,35072,5,1.4,1.6,1,1.8,3.7,2.56,0,0
2098,The Luving Company,Equity - Common,Marina Del Rey,California,69128.35,277,6163,10/1/2020 0:00,55551,3.5,2.3,2.1,3.1,3.3,4.2,3.02,0,0
2099,Shacksbury Holdings,Equity - Common,Vergennes,Vermont,2833240,277,6163,10/1/2020 0:00,55552,1.8,2.5,3.5,4.4,2.5,1.6,2.77,0,0
2100,Red Eye Louie’s,Equity - Common,Birmingham,Alabama,951990,277,250,10/1/2020 0:00,55516,1.6,2.3,3.7,3.9,2.1,1.6,2.64,0,0
2101,The Hub,SAFE,Brooklyn,New York,611731,277,250,10/1/2020 0:00,55849,3.1,2.3,2.7,3.9,2.5,2.1,2.81,0,0
2102,SeeMe,Convertible Note,Richmond,Massachusetts,143800,277,250,10/2/2020 0:00,55909,4.2,2.3,4.4,3.3,3.9,2.1,3.23,0,0
2104,ShoppinPal,Convertible Note,Modesto,California,50955,277,250,10/2/2020 0:00,55597,3.1,2.3,3.7,4.8,4.4,3.1,3.4,0,0
2106,Stojo,SAFE,Brooklyn,New York,6575838,277,6163,10/6/2020 0:00,55677,1.8,2.5,3.7,4.8,3.1,2.1,2.98,0,0
2107,Elly,Convertible Note,Los Angeles,California,0,277,6163,10/6/2020 0:00,55910,4.2,1.2,3.5,1,2.3,3.7,2.73,0,0
2108,RAIDAtech,Equity - Common,Youngsville,North Carolina,109972,66,250,10/6/2020 0:00,55603,1.6,1.4,2.7,4.8,1.8,2.5,2.6,0,0
2109,Our Mayberry,Convertible Note,Bellevue,Washington,null,277,250,10/6/2020 0:00,55574,2.7,1.6,3.1,1,1.2,3.1,2.31,0,0
2110,Riding Phat,Equity - Common,Phoenix,Arizona,null,65,250,10/6/2020 0:00,55862,5,1.2,3.7,1,1.6,1.2,2.43,0,0
2112,Pav*r,Convertible Note,Louisville,Kentucky,0,66,6163,10/7/2020 0:00,55782,5,1.8,3.3,1,2.7,3.1,2.85,0,0
2113,Plant an App,SAFE,Saint Louis,Missouri,0,66,248,10/7/2020 0:00,55604,2.7,4.6,4.4,1,3.3,2.5,3.02,0,0
2115,Defynance Holdings,Equity - Common,Atlanta,Florida,0,277,250,10/7/2020 0:00,55714,3.1,4.4,1.4,1,1.6,2.5,2.47,0,0
2116,MeVero,Equity - Common,Palo Alto,California,76,277,250,10/7/2020 0:00,55927,3.3,1.2,2.1,1,1,1,1.72,0,0
2117,Cleancash by SaniCash,Equity - Common,Homosassa,Florida,null,277,250,10/8/2020 0:00,55519,2.5,2.1,3.1,1,1.8,4.2,2.56,0,0
2120,Robotic Assistance Devices Mobile,Equity - Common,San Juan Capistrano,California,null,277,250,10/9/2020 0:00,55941,1.2,2.1,4.6,1,1.4,3.1,2.39,0,0
2121,Million Marker,Convertible Note,El Cerrito,California,32615.35,277,6163,10/9/2020 0:00,55580,2.3,2.5,1.8,2.9,2.1,3.7,2.64,0,0
2124,Quaesitus,SAFE,Miami,Florida,0,277,250,10/12/2020 0:00,55739,4.2,3.5,1.4,1,1.2,1,2.22,0,0
2125,QuirkChat,SAFE,Concord,North Carolina,118250.45,66,6163,10/12/2020 0:00,55525,4.2,1.2,2.1,3.1,2.3,3.1,2.73,0,0
2126,T2M,Equity - Common,Golden Valley,Minnesota,937782,277,250,10/13/2020 0:00,55783,1,2.3,3.7,3.9,1.8,2.1,2.6,0,0
2127,3rdDegree App,Equity - Common,Hixson,Tennessee,null,277,250,10/13/2020 0:00,55715,3.5,1.6,1.2,1,1,2.1,1.88,0,0
2130,Pendram,SAFE,San Diego,California,0.84,277,250,10/13/2020 0:00,55598,2.5,1.4,2.9,1,1.2,3.1,2.18,0,0
2131,teleCalm,Equity - Preferred,Allen,Texas,204436,277,248,10/13/2020 0:00,55685,3.3,2.5,2.9,3.3,4.4,4.8,3.36,0,0
2132,OTIS Dental,SAFE,San Francisco,California,8786,277,6163,10/13/2020 0:00,55656,2.7,1.8,3.5,2.5,2.3,3.1,2.73,0,0
2133,BAOBAB,SAFE,New York,New York,247586,277,6163,10/13/2020 0:00,55512,3.1,3.5,2.7,3.5,2.7,1.2,2.81,0,0
2135,Raindrop Texting Solutions,Equity - Common,UT,Utah,38620,277,250,10/14/2020 0:00,55545,5,1,2.9,2.9,2.7,2.5,2.85,0,0
2136,UV One Hygienics,Equity - Common,Sheridan,Wyoming,0,277,250,10/14/2020 0:00,55605,1.2,1.6,2.3,1,1,2.5,1.72,0,0
2137,Zeroc Energy,SAFE,Brookline,Massachusetts,0,277,250,10/14/2020 0:00,55740,4.6,2.9,4.6,1,4.4,3.7,3.36,0,0
2139,Creator Films,Equity - Preferred,Menifee,California,0,65,250,10/15/2020 0:00,30135,5,1,1,1,1.2,2.1,2.01,0,0
2140,Entre,SAFE,Pittsburgh,Pennsylvania,42790,66,250,10/15/2020 0:00,55724,2.7,4.2,2.1,2.9,3.1,3.1,2.98,0,0
2141,Wildeye,Equity - Common,Incline Village,Nevada,0,277,250,10/15/2020 0:00,55698,2.9,4.2,1.6,1,1.8,3.1,2.56,0,0
2142,Here Today,Equity - Common,Seattle,Washington,null,65,250,10/16/2020 0:00,55751,4.8,1,3.7,1,1.4,1.2,2.35,0,0
2143,Sircles,SAFE,Sacramento,California,0,66,250,10/16/2020 0:00,55929,2.3,1.6,2.5,1,1,2.1,1.88,0,0
2144,Florida Cane Distillery,Convertible Note,Tampa,Florida,446372,277,250,10/16/2020 0:00,55563,2.3,2.1,3.7,3.7,1.8,1,2.56,0,0
2145,Vampr,Equity - Preferred,Santa Monica,California,17000,277,6163,10/16/2020 0:00,55678,2.3,1.6,3.7,4.6,2.9,2.5,2.94,0,0
2148,Northstar Technologies Group,Equity - Common,Naples,Florida,null,277,250,10/16/2020 0:00,55716,1.2,2.7,4.2,1,1.8,3.7,2.56,0,0
2151,JJ Pfister Distilling Company,Equity - Common,Sacramento,California,131593,65,250,10/19/2020 0:00,55822,2.5,3.7,2.5,3.3,2.3,1.2,2.64,0,0
2152,Gift of College,Equity - Common,Venice,California,1197709,277,6163,10/19/2020 0:00,55514,1.2,1.8,3.9,3.9,3.3,4.2,3.02,0,0
2153,UNOMi,Convertible Note,Venice,California,2551,277,248,10/19/2020 0:00,55561,4.2,2.3,3.1,3.5,3.9,3.1,3.23,0,0
2154,Armbrust American,Debt,Pflugerville,Texas,7000000,277,250,10/20/2020 0:00,31518,5,1.8,2.5,4.4,2.9,1,2.94,0,0
2155,Future Proof,Equity - Preferred,Austin,Texas,4199062,277,248,10/20/2020 0:00,55679,1,4.6,3.5,5,4.6,3.1,3.44,0,0
2156,Pure-Light Technologies,SAFE,Rigby,Idaho,125510.58,277,249,10/20/2020 0:00,55799,1.2,1.4,2.7,3.1,1,1.8,2.05,0,0
2157,Boonoob,SAFE,San Francisco,California,92584,277,250,10/20/2020 0:00,55675,2.7,1.6,2.1,3.1,1.6,3.1,2.52,0,0
2158,Doorage,SAFE,Elk Grove Village,Illinois,336985,277,6163,10/21/2020 0:00,55565,1.4,2.1,3.7,3.9,2.1,2.1,2.64,0,0
2159,Bay Area Ranchers’ Cooperative,Equity - Preferred,Petaluma,California,0,65,250,10/21/2020 0:00,32211,5,1.2,3.9,1,2.3,2.5,2.73,0,0
2160,Joi,SAFE,Travelers Rest,South Carolina,0,277,250,10/21/2020 0:00,55649,5,1.8,2.5,1,2.5,3.7,2.81,0,0
2161,Full Circle Brewing,Equity - Common,Fresno,California,1387367,65,250,10/21/2020 0:00,55509,1.2,1.2,2.1,4.2,1.2,2.5,2.22,0,0
2165,Atom Limbs,SAFE,San Francisco,California,0,277,6163,10/23/2020 0:00,55558,2.3,2.5,3.3,2.7,3.1,4.2,2.98,0,0
2169,AllPeople,SAFE,Morro Bay,California,null,277,250,10/26/2020 0:00,55923,4.6,1.4,3.7,1,2.1,2.5,2.64,0,0
2170,American Ultimate Disc League,Equity - Common,Los Gatos,California,719085,65,250,10/26/2020 0:00,55725,1.4,1.6,3.5,5,2.5,2.5,2.81,0,0
2171,Battle Approved Motors,Equity - Common,Phoenix,Arizona,null,277,250,10/26/2020 0:00,55500,3.1,1.6,1.2,1,1,2.5,1.88,0,0
2172,Shyft Auto,SAFE,Winston-Salem,North Carolina,0,277,6163,10/26/2020 0:00,55717,3.1,2.7,3.1,1,1.8,3.1,2.6,0,0
2175,HyperSciences,Equity - Preferred,Spokane,Washington,501430,277,248,10/26/2020 0:00,55502,1,3.9,4.4,4.6,5,5,3.78,0,0
2176,Trashless,Convertible Note,Austin,Texas,484772,277,6163,10/26/2020 0:00,55507,3.7,5,2.9,3.7,4.8,2.5,3.57,0,0
2180,MedVector,Equity - Common,El Segundo,California,0,277,248,10/27/2020 0:00,55508,2.3,4.6,3.9,2.5,4.4,3.7,3.4,0,0
2181,Yoga Ed.,SAFE,Honolulu,Hawaii,418468,277,6163,10/27/2020 0:00,55664,3.3,1,4.4,3.7,2.9,2.1,2.89,0,0
2185,Sunken Stone,Equity - Preferred,San Diego,California,31496566,277,250,10/28/2020 0:00,55665,2.1,2.3,3.9,4.4,2.7,1.6,2.85,0,0
2188,Crypto Asset Rating,Convertible Note,Edison,New Jersey,48742,277,250,10/30/2020 0:00,55644,2.3,2.1,2.7,2.9,1.8,3.1,2.6,0,0
2189,MobileyMe,Convertible Note,Windermere,Florida,3886,277,250,10/30/2020 0:00,55631,3.7,2.3,2.5,2.5,3.7,4.8,3.15,0,0
2190,Orion,Equity - Common,Cincinnati,Ohio,null,277,250,10/30/2020 0:00,55699,4.6,1.6,1.8,1,1.2,2.1,2.22,0,0
2192,SmartGurlz,Equity - Preferred,Arlington,Virginia,303840,66,6163,10/30/2020 0:00,55784,2.3,2.3,2.9,4.8,2.5,1.8,2.81,0,0
2193,Jassby,Equity - Preferred,Waltham,Massachusetts,95066,66,6163,10/30/2020 0:00,55785,1.2,2.1,3.7,3.7,2.5,3.1,2.77,0,0
2194,Veriglif,Equity - Preferred,New York,New York,0,277,250,10/30/2020 0:00,55499,2.7,1.4,1.4,3.3,1,1,1.97,0,0
2195,Mini City,Equity - Common,Atlanta,Georgia,0,277,250,10/30/2020 0:00,55584,5,1,2.1,1,1.8,3.7,2.56,0,0
2196,Edible Garden,SAFE,Belvidere,New Jersey,0,277,248,10/30/2020 0:00,55786,1.4,1.4,2.5,1,1,3.7,2.01,0,0
2201,Fanbase,Equity - Common,Atlanta,Georgia,12616,66,6163,11/2/2020 0:00,55496,1.4,2.3,1.8,2.5,1.2,3.1,2.22,0,0
2202,Honeyfund,Equity - Common,Clearwater,Florida,1731069,277,250,11/2/2020 0:00,55497,1.4,1,4.4,4.2,2.5,3.1,2.81,0,0
2203,Shark Wheel,Equity - Common,Lake Forest,California,1181599,277,250,11/2/2020 0:00,55650,1,1.6,4.6,3.9,2.1,2.1,2.64,0,0
2204,Climate Action Now,Convertible Note,Woodside,California,0,277,250,11/2/2020 0:00,55666,3.3,1.4,3.1,1,1.4,3.1,2.39,0,0
2210,Booxby,Convertible Note,Sausalito,California,null,277,6163,11/4/2020 0:00,55839,4.4,2.1,3.7,3.5,4.6,3.7,3.48,0,0
2211,Manta Biofuel,SAFE,Owings Mills,Maryland,0,66,247,11/4/2020 0:00,55680,3.7,5,3.9,4.4,5,5,4.41,0,0
2213,VibeTech Enterprises,Equity - Common,Sheboygan,Wisconsin,45040,277,6163,11/4/2020 0:00,55667,1.6,2.5,3.7,4.6,4.6,4.8,3.44,0,0
2214,Virtual World Computing,Convertible Note,Santa Barbara,California,21544,277,250,11/5/2020 0:00,55606,3.3,1.4,3.9,2.7,1.6,1,2.47,0,0
2215,Bullfrog AI Holdings,SAFE,Gaithersburg,Maryland,0,277,250,11/5/2020 0:00,55823,1,3.1,4.4,1,2.9,5,2.89,0,0
2218,Bolt Mobility Corporation,Equity - Common,Miami,Florida,2637423,277,250,11/6/2020 0:00,55467,1,1.8,1.4,4.8,1.4,2.5,2.31,0,0
2219,Little West,SAFE,Los Angeles,California,1830305,277,6163,11/6/2020 0:00,55718,2.7,2.1,2.9,4.2,1.8,1,2.56,0,0
2222,FloraScentials,Convertible Note,St. Lous,Missouri,0,65,250,11/6/2020 0:00,55676,4.6,2.9,2.7,1,1.6,1.2,2.47,0,0
2225,CLICS,Equity - Preferred,La Jolla,California,300639,277,248,11/9/2020 0:00,55668,1.4,1.2,4.2,4.8,4.2,5,3.32,0,0
2227,Firelight Camps,Equity - Preferred,Ithaca,New York,731495,277,250,11/10/2020 0:00,55624,2.7,3.1,3.5,4.8,4.8,3.7,3.57,0,0
2228,Immortal Studios,SAFE,Los Angeles,California,35000,277,250,11/10/2020 0:00,55645,1.6,1.6,4.6,2.9,2.3,2.5,2.64,0,0
2229,DRONEDEK Corporation,Equity - Common,Indianapolis,Indiana,null,66,249,11/10/2020 0:00,55585,1,1.8,2.7,1,1.2,4.2,2.14,0,0
2231,Blendid,Convertible Note,Sunnyvale,California,108575,277,248,11/11/2020 0:00,55453,1,2.3,4.6,4.6,4.6,4.8,3.44,0,0
2232,Akua,SAFE,Brooklyn,New York,143559,277,248,11/11/2020 0:00,55546,3.3,4.4,2.1,4.8,4.6,3.1,3.53,0,0
2233,Digital Brands Group,Convertible Note,Vernon,California,3034216,66,6163,11/11/2020 0:00,55836,1,4.8,2.7,5,4.2,3.1,3.32,0,0
2234,eCarra,SAFE,Carrollton,Texas,78627,277,250,11/11/2020 0:00,55752,4.2,1.4,2.1,4.2,3.1,3.1,2.98,0,0
2238,The Feel Good Lab,Equity - Common,Farmington,Connecticut,242935,277,250,11/12/2020 0:00,55755,2.3,3.7,2.1,3.5,2.7,2.5,2.81,0,0
2240,Black Sands Entertainment,Equity - Preferred,Middletown,Delaware,380000,277,248,11/12/2020 0:00,55857,2.3,2.9,2.3,3.7,3.3,4.2,3.06,0,0
2241,hobbyDB,Equity - Preferred,Superior,Colorado,430582,277,6163,11/12/2020 0:00,55828,2.1,1.2,2.7,5,2.5,3.1,2.81,0,0
2244,Cadi,Equity - Common,Nashville,Tennessee,700000,277,248,11/13/2020 0:00,55468,2.1,2.5,2.1,3.9,3.5,4.8,3.06,0,0
2245,Resolve Networks,Equity - Common,Frisco,Texas,0,277,250,11/13/2020 0:00,55800,2.7,1,1.2,1,1,3.1,1.8,0,0
2246,Aptera Motors,SAFE,San Diego,California,null,277,250,11/13/2020 0:00,55837,1,1.8,3.7,4.4,2.5,3.1,2.81,0,0
2247,Odyssey Science,SAFE,Swansea,Massachusetts,3749,277,250,11/13/2020 0:00,55850,4.2,2.9,4.2,2.5,3.1,1.2,2.98,0,0
2248,Hempzene,SAFE,Beverly,Massachusetts,467556,277,250,11/13/2020 0:00,55616,4.2,2.3,1.2,3.9,1.8,1,2.52,0,0
2252,HighRes Labs,Equity - Common,Edmond,Oklahoma,null,277,250,11/16/2020 0:00,55681,4.2,1.6,1.4,1,1.2,2.5,2.14,0,0
2256,4URSPACE,Convertible Note,New York,New York,58847,277,248,11/16/2020 0:00,55719,4.2,3.5,5,3.7,5,4.2,4.12,0,0
2260,Laegacy,Equity - Common,West Lafayette,Indiana,0,277,250,11/17/2020 0:00,55535,3.9,2.9,1.2,1,1.4,2.5,2.31,0,0
2262,Move,SAFE,San Francisco,California,383188,277,6163,11/17/2020 0:00,55824,1.2,2.9,2.1,5,2.3,2.5,2.73,0,0
2263,Toffee.com,SAFE,Middletown,Delaware,27000,277,250,11/17/2020 0:00,55625,4.2,1.4,2.1,2.9,1.6,2.1,2.52,0,0
2265,Dope Dog,SAFE,Los Angeles,California,276000,65,6163,11/18/2020 0:00,55573,3.7,1.8,1.8,3.5,1.6,1.6,2.52,0,0
2266,VerseBooks,Equity - Common,Toledo,Ohio,0,277,250,11/18/2020 0:00,55663,2.3,1.4,1.2,1,1,2.1,1.59,0,0
2269,One Biosciences,Convertible Note,Dallas,Texas,25670,277,250,11/18/2020 0:00,55586,4.2,3.1,4.4,2.7,4.6,3.1,3.48,0,0
2271,ShiftPosts,Convertible Note,Stillwater,Minnesota,37464,277,6163,11/19/2020 0:00,55682,4.4,1.8,1.4,3.7,2.9,3.1,2.89,0,0
2272,I Got It,Equity - Common,Bridgewater,New Jersey,0,277,6163,11/19/2020 0:00,55582,5,2.7,3.7,1,4.6,5,3.48,0,0
2275,Arc Footwear,Equity - Common,New York,New York,0,277,250,11/20/2020 0:00,55469,2.7,2.9,4.4,1,1.4,1,2.39,0,0
2276,Up Sonder,Equity - Preferred,Los Angeles,California,14441,277,250,11/20/2020 0:00,55470,3.3,1.6,2.5,3.1,2.9,4.2,2.94,0,0
2277,Vital Card,Equity - Common,New York,New York,null,277,250,11/20/2020 0:00,55471,2.1,2.1,4.2,1,1.4,2.5,2.35,0,0
2278,Care Angel,Equity - Common,Miami,Florida,996230,277,6163,11/20/2020 0:00,55472,1,1.4,4.2,4.4,1.8,1.8,2.56,0,0
2279,Remedy Processors,Convertible Note,San Diego,California,303000,277,250,11/20/2020 0:00,55510,2.9,2.7,2.1,3.5,1.8,1.8,2.6,0,0
2283,ModVans,Equity - Common,Oxnard,California,3600000,277,6163,11/20/2020 0:00,55669,1.4,4.2,2.7,5,3.9,3.1,3.27,0,0
2284,Olly Awake,Convertible Note,Columbus,Ohio,4116.32,277,250,11/20/2020 0:00,55587,5,1.6,1.8,2.5,1.8,1.8,2.56,0,0
2286,Bee Mortgage App,SAFE,Ponte Vedra Beach,Florida,null,66,250,11/23/2020 0:00,55575,2.3,2.9,2.9,1,1.8,3.7,2.56,0,0
2288,KarbonPay,Equity - Common,Richardson,Texas,144,277,6163,11/24/2020 0:00,55617,3.1,2.1,2.7,2.5,1.4,1.6,2.39,0,0
2293,Perfitly,Convertible Note,New York,New York,0,277,6163,11/25/2020 0:00,55527,1.6,1.8,2.7,1,1.2,4.2,2.26,0,0
2294,TapRm,SAFE,Brooklyn,New York,5000000,66,248,11/25/2020 0:00,55529,1.6,3.1,2.5,5,3.9,4.2,3.27,0,0
2295,MAGFAST,Equity - Common,Cornwall on Hudson,New York,null,277,250,11/25/2020 0:00,55841,1.4,1.8,2.7,1,1,1.8,1.76,0,0
2296,The OLLO Group,Equity - Common,Torrance,California,157709,277,250,11/26/2020 0:00,55492,3.7,1.2,5,3.3,3.9,3.1,3.27,0,0
2297,Mazarine,Equity - Common,Panama City Beach,Florida,322947,277,250,11/26/2020 0:00,55484,1.6,2.1,1.8,3.5,1.4,2.5,2.31,0,0
2299,Hubsai,Equity - Common,San Ramon,California,2100,277,250,11/26/2020 0:00,55733,1.8,2.5,1.8,2.3,1.2,2.1,2.09,0,0
2300,Optelos,Convertible Note,Pflugerville,Texas,990000,277,247,11/26/2020 0:00,55720,3.1,2.7,4.8,4.2,4.8,3.1,3.57,0,0
2301,Transportation 4 Life,SAFE,Naples,Florida,0,277,250,11/27/2020 0:00,55589,3.3,1.2,1,2.5,1.2,2.5,2.09,0,0
2302,Island Brands,Equity - Preferred,Charleston,South Carolina,1213060,277,6163,11/27/2020 0:00,55482,1,2.9,2.1,3.9,1.2,1,2.18,0,0
2304,Honeydrop,Equity - Common,Malibu,California,1100000,277,250,11/30/2020 0:00,55474,1.4,1,4.6,3.9,2.5,3.1,2.81,0,0
2305,Doodeo,SAFE,Newark,Delaware,0,277,250,11/30/2020 0:00,55802,3.3,1.2,1.4,2.7,1.2,2.5,2.22,0,0
2306,The Co-Own Company,Convertible Note,Denver,Colorado,0,65,250,11/30/2020 0:00,55570,4.6,3.5,5,1,3.5,1.2,3.06,0,0
2307,Hotelier,Equity - Common,Indialantic,Florida,0,65,250,11/30/2020 0:00,55670,1.8,1.4,4.4,1,1.6,3.7,2.47,0,0
2308,Mycocycle,Equity - Common,Bolingbrook,Illinois,null,277,6163,12/1/2020 0:00,55490,2.7,2.5,2.5,1,1.8,4.2,2.56,0,0
2309,Rogue Space Systems Corporation,Equity - Common,Laconia,New Hampshire,0,277,250,12/1/2020 0:00,55621,1.4,3.7,1.2,1,1,1.8,1.84,0,0
2310,El Condor,Equity - Preferred,New York,New York,0,65,250,12/1/2020 0:00,55706,5,1.2,3.9,1,1.6,1,2.43,0,0
2311,Volcon,SAFE,Austin,null,null,277,6163,12/1/2020 0:00,55851,1.6,1.6,3.5,3.3,3.1,4.8,2.98,0,0
2313,PetroFunders,Equity - Preferred,Lakewood,Colorado,0,277,6163,12/2/2020 0:00,55760,1.8,3.5,3.5,1,2.3,3.7,2.73,0,0
2314,Relay,SAFE,Lehi,Utah,null,277,248,12/2/2020 0:00,55607,4.4,2.9,3.3,1,2.9,3.1,2.94,0,0
2315,PopCultivator Comics,Equity - Preferred,Chicago,Illinois,null,277,6163,12/2/2020 0:00,55801,4.2,2.1,3.1,1,1.4,1.6,2.39,0,0
2316,OsNovum,Equity - Preferred,Henderson,Nevada,null,277,250,12/2/2020 0:00,55683,1.6,2.5,4.4,1,2.9,5,2.89,0,0
2317,Vyrill,Convertible Note,San Francisco,California,58241.54,66,6163,12/2/2020 0:00,55674,3.1,1.2,3.9,3.7,3.3,3.1,3.02,0,0
2318,Carii,Equity - Common,Woodstown,New Jersey,175258,66,250,12/3/2020 0:00,55687,2.3,1.8,3.3,3.3,2.5,3.1,2.77,0,0
2319,PLLAY Labs,Convertible Note,Huntingdon Valley,Pennsylvania,null,277,250,12/3/2020 0:00,55501,2.7,1.8,2.5,3.3,2.5,3.7,2.81,0,0
2320,WellWell,SAFE,New York,New York,448058,277,248,12/3/2020 0:00,55528,2.7,1.6,3.7,4.6,2.3,1,2.73,0,0
2321,Envel,Convertible Note,Boston,Massachusetts,null,277,250,12/3/2020 0:00,55569,1.8,2.9,2.3,2.5,1.4,2.5,2.39,0,0
2322,UpChoose,SAFE,San Francisco,California,204000,277,248,12/4/2020 0:00,55475,3.1,3.3,3.7,3.3,4.2,3.1,3.32,0,0
2324,Deep End Fitness,Convertible Note,San Marcos,California,43465,65,6163,12/7/2020 0:00,55576,4.8,1.2,1.8,3.7,2.9,3.1,2.94,0,0
2325,Me In 3,Convertible Note,Tulsa,Oklahoma,60000,277,250,12/7/2020 0:00,55577,4.4,2.7,2.9,3.3,3.3,2.1,3.06,0,0
2326,HereYouGo,SAFE,San Mateo,California,0,277,250,12/7/2020 0:00,55608,4.2,2.3,2.5,1,2.3,3.7,2.73,0,0
2328,Cortex,Equity - Preferred,Boston,Massachusetts,603432,66,247,12/8/2020 0:00,55657,2.5,4.2,4.2,3.7,5,4.2,3.74,0,0
2329,eZdia,SAFE,Fremont,California,1972512,277,6163,12/8/2020 0:00,55578,1.6,2.7,4.4,4.2,3.1,2.1,2.98,0,0
2330,AppleSeed Companies,Equity - Preferred,Orlando,Florida,0,277,250,12/8/2020 0:00,55726,4.4,1.6,4.6,1,1.8,1,2.52,0,0
2331,Octane Coffee,SAFE,Waukesha,Wisconsin,0,65,250,12/8/2020 0:00,55556,4.8,1,1.4,1,1.2,2.5,2.14,0,0
2335,Kemper Snowboards,Equity - Common,Midway,Utah,79492,277,250,12/10/2020 0:00,55489,3.5,1.6,3.7,3.1,2.5,2.1,2.81,0,0
2340,Nickelytics,SAFE,Tampa,Florida,327838,277,6163,12/10/2020 0:00,55478,2.9,1.8,1.8,3.5,1.6,2.1,2.43,0,0
2341,OmniValley,Equity - Common,Madison,Wisconsin,0,277,250,12/10/2020 0:00,55672,4.2,2.5,2.5,1,2.5,3.7,2.77,0,0
2342,Dare,Convertible Note,Venice,California,1800,277,250,12/10/2020 0:00,55455,4.2,1.2,1.4,2.3,1.4,2.5,2.31,0,0
2344,GeoToll,Convertible Note,Cooper City,Florida,290822,277,250,12/10/2020 0:00,55540,1.2,2.1,4.4,5,4.4,4.2,3.36,0,0
2346,Kazoo,Convertible Note,Washington,District of Columbia,0,277,250,12/10/2020 0:00,55588,4.6,2.5,2.1,1,2.1,3.1,2.64,0,0
2347,EnergyX,Equity - Common,Dorado,Puerto Rico,0,277,6163,12/10/2020 0:00,55741,1,2.7,1.8,3.7,2.3,4.2,2.68,0,0
2348,Genius Juice,SAFE,Torrence,California,635874,277,248,12/11/2020 0:00,55473,1.8,2.7,2.9,4.6,3.3,3.1,3.02,0,0
2349,Acai To-Go,SAFE,Key Biscayne,Florida,271762,65,250,12/11/2020 0:00,55539,3.7,1.4,3.5,3.5,2.5,1.6,2.77,0,0
2350,Leafwire,Convertible Note,Denver,Colorado,196000,277,6163,12/11/2020 0:00,55620,2.9,1.6,1.8,3.5,1.6,2.5,2.47,0,0
2351,Mobot,Equity - Common,Venice,California,875725,277,250,12/14/2020 0:00,55491,2.9,2.9,3.3,3.9,4.6,4.2,3.44,0,0
2352,Kationx,Equity - Common,Indialantic,Florida,78171.9,277,6163,12/14/2020 0:00,55480,1.6,2.9,1.8,3.1,1.6,3.1,2.52,0,0
2353,Eventcombo,Equity - Preferred,Jersey City,New Jersey,818795,277,250,12/14/2020 0:00,55479,1.2,4.2,2.5,3.9,3.5,3.7,3.11,0,0
2354,PADL,Convertible Note,Key Biscayne,Florida,2730,277,250,12/14/2020 0:00,55619,4.2,2.3,2.9,2.3,2.3,2.1,2.73,0,0
2357,Allthenticate,SAFE,Goleta,California,1,66,250,12/14/2020 0:00,49774,5,3.1,2.1,1,3.1,3.7,2.98,0,0
2360,Scooterson,SAFE,San Francisco,California,1,277,6163,12/15/2020 0:00,55564,1.4,2.9,3.3,3.5,3.7,4.8,3.19,0,0
2362,HelloWoofy.com,Convertible Note,New York,New York,1902,66,250,12/15/2020 0:00,55536,2.5,3.1,3.7,2.3,3.5,3.7,3.06,0,0
2364,Dashible,Equity - Common,Briarwood,New York,624,277,250,12/16/2020 0:00,55658,3.9,2.3,4.6,1,2.7,2.5,2.85,0,0
2365,Po Campo,SAFE,New York,New York,325000,277,250,12/16/2020 0:00,55537,4.6,1.4,4.6,3.5,3.9,2.1,3.23,0,0
2366,Cannabox,SAFE,Phoenix,Arizona,2396800,277,250,12/16/2020 0:00,55481,2.9,3.5,3.3,4.4,4.6,3.1,3.44,0,0
2367,Acre Mezcal,Equity - Common,Los Angeles,California,100000,277,6163,12/16/2020 0:00,55486,2.3,1.4,2.5,3.1,1.2,2.1,2.26,0,0
2368,WizHero,Convertible Note,Dover,Delaware,0,277,250,12/16/2020 0:00,55705,4.4,2.7,1.4,1,1.2,2.1,2.31,0,0
2369,KhemoSafe,Equity - Common,Miami,Florida,0,277,6163,12/16/2020 0:00,55618,4.6,2.3,1.4,1,1.8,3.7,2.6,0,0
2372,James Bay Distillers,Equity - Common,Everett,Washington,12581.79,65,250,12/16/2020 0:00,55568,4.6,2.3,2.5,2.5,2.1,1.2,2.6,0,0
2375,LYC Products,Convertible Note,Chicago,Illinois,0,277,250,12/17/2020 0:00,55538,4.2,1.8,1.4,2.3,1.4,2.1,2.35,0,0
2376,C-Reveal Therapeutics,Equity - Common,Pembroke,Massachusetts,0,277,248,12/18/2020 0:00,55651,2.3,3.7,4.8,1,4.2,4.8,3.32,0,0
2380,QURI Vodka,Equity - Common,Berlin,Maryland,0,65,250,12/18/2020 0:00,55493,2.7,3.5,1,1,1.4,3.7,2.39,0,0
2381,Klean Scissors,Equity - Preferred,Grass Valley,California,0,277,250,12/18/2020 0:00,55547,4.2,1.8,3.7,1,3.5,4.8,3.11,0,0
2382,Techtracker,SAFE,Sunnyvale,California,0,66,248,12/18/2020 0:00,55487,2.7,3.5,3.9,1,3.3,4.2,3.06,0,0
2383,Viroment Equity,Equity - Preferred,Minneapolis,Minnesota,0,65,250,12/18/2020 0:00,55517,1.6,1.4,2.7,1,1,1.2,1.59,0,0
2384,BlueStar SeniorTech,Convertible Note,Rockville,Maryland,2000000,277,6163,12/18/2020 0:00,55494,1.4,2.9,3.5,5,3.5,2.5,3.06,0,0
2386,BrainScanology,SAFE,Cupertino,California,0,277,250,12/18/2020 0:00,55541,1.6,3.3,3.1,1,1.4,2.5,2.31,0,0
2387,Trusst,SAFE,Lyme,New Hampshire,125000,277,250,12/21/2020 0:00,55511,3.3,2.5,3.9,4.8,3.9,1.6,3.23,0,0
2388,Salone Monet,SAFE,New York,New York,10307,277,250,12/21/2020 0:00,55456,4.2,1.4,1.4,2.5,1.4,2.5,2.39,0,0
2389,Surya Spa,SAFE,Santa Monica,California,1276151,277,250,12/21/2020 0:00,55458,1.8,3.5,3.1,4.8,3.7,2.5,3.15,0,0
2390,Asarasi,SAFE,Katonah,New York,185392,65,248,12/21/2020 0:00,55488,2.3,3.5,2.9,5,4.8,4.2,3.57,0,0
2391,Canopy,Equity - Common,Katonah,New York,0,277,248,12/21/2020 0:00,55457,2.9,2.3,2.1,1,1.4,3.7,2.39,0,0
2392,Perrone Robotics,SAFE,Crozet,Virginia,2800000,277,6163,12/21/2020 0:00,55557,1,2.3,5,4.6,4.2,3.7,3.32,0,0
2395,GoMeat Services,Equity - Common,Bridgewater,New Jersey,263000,65,6163,12/22/2020 0:00,55476,2.3,3.5,4.6,3.5,3.5,1.6,3.11,0,0
2396,AquaVault,Equity - Common,Aventura,Florida,1900000,277,250,12/22/2020 0:00,55495,1.2,2.5,3.7,4.8,3.3,3.1,3.06,0,0
2399,MyXR,Equity - Common,San Francisco,California,25286,66,250,12/23/2020 0:00,55609,1.6,3.9,2.7,3.9,2.5,1.8,2.81,0,0
2400,Lil Bucks,SAFE,Trout Valley,Illinois,141000,277,6163,12/23/2020 0:00,55505,4.4,1.6,2.7,3.3,2.1,1.2,2.64,0,0
2402,Oscilla Power,Convertible Note,Seattle,Washington,0,66,248,12/24/2020 0:00,55562,2.1,4.2,3.9,2.3,4.6,5,3.48,0,0
2404,SnapDNA,SAFE,Mountain View,California,0,277,6163,12/24/2020 0:00,56275,1.2,2.7,4.6,3.9,4.2,4.2,3.32,0,0
2406,Phoenix PharmaLabs,Equity - Common,Woods Cross,Utah,1285068,277,248,12/24/2020 0:00,55632,1.2,3.5,5,5,5,5,3.95,0,0
2407,AgWiki,Equity - Common,Perryville,Missouri,0,277,250,12/24/2020 0:00,55485,1.4,2.9,4.6,1,2.3,3.7,2.73,0,0
2408,Solar Roadways,Equity - Common,Sandpoint,Idaho,0,277,248,12/24/2020 0:00,55477,1.2,4.8,4.8,1,4.2,4.8,3.32,0,0
2410,Wes and Gagan’s Startup,SAFE,Austin,Texas,0,66,250,12/28/2020 0:00,55548,1.2,4.4,2.3,1,1.2,2.5,2.26,0,0
2411,Pit Liquor,SAFE,Fort Collins,Colorado,287521,65,6163,12/28/2020 0:00,55571,3.3,1,3.1,3.5,1.8,1.8,2.56,0,0
2413,Psychics1on1,Equity - Common,Orlando,Florida,66,277,250,12/29/2020 0:00,55483,3.7,1.6,1,1,1.2,3.1,2.09,0,0
2422,Village Juice,SAFE,Winston-Salem,North Carolina,2925603,65,6163,12/30/2020 0:00,55503,2.3,3.3,2.7,4.4,3.3,2.5,3.02,0,0
